path,sentence,whisper-large,whisper-medium,wav2vec2-urdu,whisper-small,alif_1,WER
common_voice_ur_32024151.mp3,تمام انسانیت کو اس دلخراش بیماری سے بچاے,"[('تمام', 0.9712366734941801), ('انسانیت', 0.9712366734941801), ('کو', 0.9712366734941801), ('اس', 0.9712366734941801), ('تلخراش', 0.9712366734941801), ('بیماری', 0.9712366734941801), ('سے', 0.9712366734941801), ('بچائے', 0.9712366734941801)]","[('تمام', 0.8588130557537079), ('انسانیت', 0.8588130557537079), ('کو', 0.8588130557537079), ('اس', 0.8588130557537079), ('دلخراش', 0.8588130557537079), ('بیماری', 0.8588130557537079), ('سے', 0.8588130557537079), ('بچائے', 0.8588130557537079)]","[('تمام', 0.98275226354599), ('انسائنت', 0.98275226354599), ('کو', 0.98275226354599), ('اس', 0.98275226354599), ('تلخراش', 0.98275226354599), ('بھیماری', 0.98275226354599), ('سے', 0.98275226354599), ('پچعے', 0.98275226354599)]","[('تمام', 0.7676230991880099), ('انسانت', 0.7676230991880099), ('کو', 0.7676230991880099), ('اس', 0.7676230991880099), ('جلخراش', 0.7676230991880099), ('بیماری', 0.7676230991880099), ('سے', 0.7676230991880099), ('بجائے', 0.7676230991880099)]",تمام انسانیت کو اس تلخراش بیماری سے بچائے۔,0.25
common_voice_ur_32026608.mp3,میں اسلام آباد سے دور ایک علاقے میں رہتی ہوں,"[('میں', 0.9126638309522108), ('اس', 0.9126638309522108), ('آباد', 0.9126638309522108), ('سے', 0.9126638309522108), ('دور', 0.9126638309522108), ('ایک', 0.9126638309522108), ('علاقے', 0.9126638309522108), ('میں', 0.9126638309522108), ('رہتی', 0.9126638309522108), ('ہوں', 0.9126638309522108)]","[('میں', 0.7596387532742127), ('سانہ', 0.7596387532742127), ('باد', 0.7596387532742127), ('سے', 0.7596387532742127), ('دورے', 0.7596387532742127), ('کے', 0.7596387532742127), ('علاقے', 0.7596387532742127), ('میں', 0.7596387532742127), ('رہتی', 0.7596387532742127), ('ہوں', 0.7596387532742127)]","[('بیچھ', 0.965178370475769), ('آ', 0.965178370475769), ('بعد', 0.965178370475769), ('سے', 0.965178370475769), ('دورے', 0.965178370475769), ('کیلاٹئی', 0.965178370475769), ('میں', 0.965178370475769), ('رہتی', 0.965178370475769), ('ہی', 0.965178370475769)]","[('میں', 0.6864218718948818), ('سابات', 0.6864218718948818), ('سے', 0.6864218718948818), ('دور', 0.6864218718948818), ('ایک', 0.6864218718948818), ('علاقے', 0.6864218718948818), ('میں', 0.6864218718948818), ('رہتی', 0.6864218718948818), ('ہوں', 0.6864218718948818)]",میں اس آباد سے دور ایک علاقے میں رہتی ہوں۔,0.1
common_voice_ur_38472238.mp3,گریے سے یاں پنبہٴ بالش کف سیلاب تھا,"[('گریے', 0.9309758579730988), ('سے', 0.9309758579730988), ('یہاں', 0.9309758579730988), ('یمبہ', 0.9309758579730988), ('عبالش', 0.9309758579730988), ('کوفہ', 0.9309758579730988), ('سیلاب', 0.9309758579730988), ('تھا', 0.9309758579730988)]","[('گریے', 0.821337833404541), ('سے', 0.821337833404541), ('یہاں', 0.821337833404541), ('یمبا', 0.821337833404541), ('عبالِ', 0.821337833404541), ('شکوفہ', 0.821337833404541), ('سلاب', 0.821337833404541), ('تھا', 0.821337833404541)]","[('گریے', 0.9697873592376709), ('سے', 0.9697873592376709), ('یںں', 0.9697873592376709), ('یمبا', 0.9697873592376709), ('ابھالے', 0.9697873592376709), ('شقوفا', 0.9697873592376709), ('سعلاب', 0.9697873592376709), ('تھا', 0.9697873592376709)]","[('گر', 0.6993060499429703), ('یہ', 0.6993060499429703), ('سے', 0.6993060499429703), ('یہاں', 0.6993060499429703), ('یمبہ', 0.6993060499429703), ('عبالش', 0.6993060499429703), ('اکوفا', 0.6993060499429703), ('سلاب', 0.6993060499429703), ('تھا', 0.6993060499429703)]",گریے سے یہاں یمبہ عبالش کوفہ سیلاب تھا۔,0.5
common_voice_ur_31987970.mp3,ہم پر بزدل اور مال بٹورنے والے مسلط ہیں,"[('ہم', 0.8982101862247174), ('پر', 0.8982101862247174), ('بزدل', 0.8982101862247174), ('اور', 0.8982101862247174), ('مال', 0.8982101862247174), ('بٹوڑنے', 0.8982101862247174), ('والے', 0.8982101862247174), ('مسلط', 0.8982101862247174), ('ہیں۔', 0.8982101862247174)]","[('ہم', 0.7885338828588525), ('پر', 0.7885338828588525), ('بھلتل', 0.7885338828588525), ('اور', 0.7885338828588525), ('مال', 0.7885338828588525), ('بٹورنے', 0.7885338828588525), ('والے', 0.7885338828588525), ('مسلط', 0.7885338828588525), ('ہے', 0.7885338828588525)]","[('ہم', 0.9791370630264282), ('بر', 0.9791370630264282), ('بجدل', 0.9791370630264282), ('اور', 0.9791370630264282), ('مال', 0.9791370630264282), ('بٹورنے', 0.9791370630264282), ('ولے', 0.9791370630264282), ('مصعلد', 0.9791370630264282), ('ہے', 0.9791370630264282)]","[('ہم', 0.7627012719926627), ('پر', 0.7627012719926627), ('بجدر', 0.7627012719926627), ('اور', 0.7627012719926627), ('مال', 0.7627012719926627), ('بٹورنے', 0.7627012719926627), ('والے', 0.7627012719926627), ('مسلط', 0.7627012719926627), ('ہے', 0.7627012719926627)]",ہم پر بزدل اور مال بٹوڑنے والے مسلط ہیں۔,0.2222222222222222
common_voice_ur_38471469.mp3,پلاٹ یا کہانی کیا ہوتی تھی، وہی چند عشق اور وصال کے گھسے پٹے موضوع۔,"[('لوٹ', 0.9300843469194464), ('یا', 0.9300843469194464), ('کہانی', 0.9300843469194464), ('کیا', 0.9300843469194464), ('ہوتی', 0.9300843469194464), ('تھی', 0.9300843469194464), ('وہی', 0.9300843469194464), ('چند', 0.9300843469194464), ('عشق', 0.9300843469194464), ('اور', 0.9300843469194464), ('وسال', 0.9300843469194464), ('کے', 0.9300843469194464), ('گھی', 0.9300843469194464), ('سے', 0.9300843469194464), ('پٹے', 0.9300843469194464), ('موضوع', 0.9300843469194464)]","[('لوٹ', 0.8087856297691663), ('کیا', 0.8087856297691663), ('کہانی', 0.8087856297691663), ('کیا', 0.8087856297691663), ('ہوتی', 0.8087856297691663), ('تھی', 0.8087856297691663), ('وہی', 0.8087856297691663), ('چند', 0.8087856297691663), ('عشق', 0.8087856297691663), ('اور', 0.8087856297691663), ('وسال', 0.8087856297691663), ('کے', 0.8087856297691663), ('گھسے', 0.8087856297691663), ('پٹے', 0.8087856297691663), ('معظوم', 0.8087856297691663)]","[('لارٹ', 0.9730644822120667), ('یا', 0.9730644822120667), ('کہانی', 0.9730644822120667), ('کیا', 0.9730644822120667), ('ہوتی', 0.9730644822120667), ('تھی', 0.9730644822120667), ('وہی', 0.9730644822120667), ('چند', 0.9730644822120667), ('ایش', 0.9730644822120667), ('کار', 0.9730644822120667), ('وسال', 0.9730644822120667), ('کیک', 0.9730644822120667), ('گھسے', 0.9730644822120667), ('پٹے', 0.9730644822120667), ('موضع', 0.9730644822120667)]","[('لار', 0.7561820561164304), ('کیا', 0.7561820561164304), ('کہانی', 0.7561820561164304), ('کیا', 0.7561820561164304), ('ہوتی', 0.7561820561164304), ('تھی', 0.7561820561164304), ('وہی', 0.7561820561164304), ('چند', 0.7561820561164304), ('اشک', 0.7561820561164304), ('اور', 0.7561820561164304), ('وصال', 0.7561820561164304), ('کے', 0.7561820561164304), ('گھسے', 0.7561820561164304), ('پٹے', 0.7561820561164304), ('موزو', 0.7561820561164304)]",پلاٹ یا کہانی کیا ہوتی تھی وہی چند عشق اور وسال کے گھسے سے پٹے موضوع۔,0.4
common_voice_ur_38432913.mp3,کوئ نہ کرسکا کیا کام وھ تو نے,"[('کوئی', 0.9663221128284931), ('نہ', 0.9663221128284931), ('کر', 0.9663221128284931), ('سکا', 0.9663221128284931), ('کیا', 0.9663221128284931), ('کام', 0.9663221128284931), ('وہ', 0.9663221128284931), ('تو', 0.9663221128284931), ('نے', 0.9663221128284931)]","[('کوئی', 0.8482266366481781), ('نہ', 0.8482266366481781), ('کر', 0.8482266366481781), ('سکا', 0.8482266366481781), ('کیا', 0.8482266366481781), ('کام', 0.8482266366481781), ('وہ', 0.8482266366481781), ('تون', 0.8482266366481781), ('ہے', 0.8482266366481781)]","[('کوئی', 0.9736529588699341), ('نا', 0.9736529588699341), ('کر', 0.9736529588699341), ('سقا', 0.9736529588699341), ('کیا', 0.9736529588699341), ('کام', 0.9736529588699341), ('وتو', 0.9736529588699341), ('نے', 0.9736529588699341)]","[('کوئی', 0.8534201814068688), ('نہ', 0.8534201814068688), ('کر', 0.8534201814068688), ('سکا', 0.8534201814068688), ('کیا', 0.8534201814068688), ('کام', 0.8534201814068688), ('وہ', 0.8534201814068688), ('تونے؟', 0.8534201814068688)]",کوئی نہ کر سکا کیا کام وہ تو نے۔,0.5
common_voice_ur_38443988.mp3,حاصل سوائے حسرتِ حاصل نہیں رہا,"[('حاصل', 0.9661930203437805), ('سوائے', 0.9661930203437805), ('حسرت', 0.9661930203437805), ('حاصل', 0.9661930203437805), ('نہیں', 0.9661930203437805), ('رہا', 0.9661930203437805)]","[('حاصل', 0.7405317802178232), ('صوابع', 0.7405317802178232), ('حسرتے', 0.7405317802178232), ('حاصل', 0.7405317802178232), ('نہیں', 0.7405317802178232), ('رہا', 0.7405317802178232)]","[('حاصل', 0.9817878603935242), ('سوائے', 0.9817878603935242), ('حصرت', 0.9817878603935242), ('حاصل', 0.9817878603935242), ('نہیں', 0.9817878603935242), ('رہا', 0.9817878603935242)]","[('حاصل', 0.7259011794077722), ('صواحی', 0.7259011794077722), ('حصرتِ', 0.7259011794077722), ('حاصل', 0.7259011794077722), ('نہیں', 0.7259011794077722), ('رہا', 0.7259011794077722)]",حاصل سوائے حسرت حاصل نہیں رہا۔,0.1666666666666666
common_voice_ur_41125395.mp3,حقیقت پر صحیح طریقہ سے بحث,"[('حقیقت', 0.9191628187894821), ('میں', 0.9191628187894821), ('ہر', 0.9191628187894821), ('صحیح', 0.9191628187894821), ('طریقے', 0.9191628187894821), ('سے', 0.9191628187894821), ('بحث', 0.9191628187894821)]","[('حقیقت', 0.8724267065525055), ('میں', 0.8724267065525055), ('ہر', 0.8724267065525055), ('صحیح', 0.8724267065525055), ('طریقے', 0.8724267065525055), ('سے', 0.8724267065525055), ('بحث', 0.8724267065525055)]","[('حاقیقتمی', 0.9764425158500671), ('ہر', 0.9764425158500671), ('صحیح', 0.9764425158500671), ('ترکے', 0.9764425158500671), ('سے', 0.9764425158500671), ('بحث', 0.9764425158500671)]","[('حاکی', 0.5090431272983551), ('کنوی', 0.5090431272983551), ('ہر', 0.5090431272983551), ('ساییی', 0.5090431272983551), ('تریکہ', 0.5090431272983551), ('سے', 0.5090431272983551), ('باہس', 0.5090431272983551)]",حقیقت میں ہر صحیح طریقے سے بحث۔,0.5
common_voice_ur_32021420.mp3,تمام پالیسیوں کا محور معاشی نشوونما ہونا چاہیے قائم مقام صدر ایل سی سی ائی,"[('تمام', 0.8520765135685603), ('پولیسیوں', 0.8520765135685603), ('کا', 0.8520765135685603), ('محور', 0.8520765135685603), ('معاشی', 0.8520765135685603), ('نشانمہ', 0.8520765135685603), ('ہونا', 0.8520765135685603), ('چاہیے', 0.8520765135685603), ('قائم', 0.8520765135685603), ('مقام', 0.8520765135685603), ('صدر', 0.8520765135685603), ('لچی', 0.8520765135685603), ('سی', 0.8520765135685603), ('آئی', 0.8520765135685603)]","[('تمام', 0.7493899660866435), ('پہلیسوں', 0.7493899660866435), ('کا', 0.7493899660866435), ('مہور', 0.7493899660866435), ('ماشی', 0.7493899660866435), ('نشنمہ', 0.7493899660866435), ('ہونا', 0.7493899660866435), ('چاہیے', 0.7493899660866435), ('قائم', 0.7493899660866435), ('مقام', 0.7493899660866435), ('صدر', 0.7493899660866435), ('LCCI', 0.7493899660866435)]","[('تمام', 0.9655556082725525), ('پھور', 0.9655556082725525), ('اسیوں', 0.9655556082725525), ('کا', 0.9655556082725525), ('مہبر', 0.9655556082725525), ('مارشی', 0.9655556082725525), ('ن', 0.9655556082725525), ('شہنوما', 0.9655556082725525), ('ہونا', 0.9655556082725525), ('چاہیے', 0.9655556082725525), ('قائم', 0.9655556082725525), ('مکام', 0.9655556082725525), ('صدر', 0.9655556082725525), ('ایل', 0.9655556082725525), ('سی', 0.9655556082725525), ('سیائی', 0.9655556082725525)]","[('تو', 0.6617054072982174), ('مام', 0.6617054072982174), ('پوریسیوں', 0.6617054072982174), ('کا', 0.6617054072982174), ('محور', 0.6617054072982174), ('ماشی', 0.6617054072982174), ('نشنماء', 0.6617054072982174), ('ہونا', 0.6617054072982174), ('چاہیے', 0.6617054072982174), ('کائم', 0.6617054072982174), ('مقام', 0.6617054072982174), ('صدر', 0.6617054072982174), ('ڈل', 0.6617054072982174), ('ڈی', 0.6617054072982174), ('ڈی', 0.6617054072982174), ('ڈی', 0.6617054072982174), ('ڈی', 0.6617054072982174)]",تمام پولیسیوں کا محور معاشی نشانمہ ہونا چاہیے قائم مقام صدر لچی سی آئی۔,0.3333333333333333
common_voice_ur_41165864.mp3,ہمارے جیسے معاشرے میں قانونی موشگافیوں سے کام نہیں چلتا۔,"[('ہمارے', 0.9640245456248522), ('جیسے', 0.9640245456248522), ('معاشرے', 0.9640245456248522), ('میں', 0.9640245456248522), ('قانونی', 0.9640245456248522), ('مشاگفیوں', 0.9640245456248522), ('سے', 0.9640245456248522), ('کام', 0.9640245456248522), ('نہیں', 0.9640245456248522), ('چلتا', 0.9640245456248522)]","[('ہمارے', 0.8235373587319346), ('جیسے', 0.8235373587319346), ('معاشرے', 0.8235373587319346), ('میں', 0.8235373587319346), ('کانونی', 0.8235373587319346), ('مشاہگافیوں', 0.8235373587319346), ('سے', 0.8235373587319346), ('کام', 0.8235373587319346), ('نہیں', 0.8235373587319346), ('چلتا', 0.8235373587319346)]","[('ہمارے', 0.9879890084266663), ('جیسے', 0.9879890084266663), ('ماشرے', 0.9879890084266663), ('میں', 0.9879890084266663), ('قانونی', 0.9879890084266663), ('مشاغافیوں', 0.9879890084266663), ('سے', 0.9879890084266663), ('کام', 0.9879890084266663), ('نہیں', 0.9879890084266663), ('چلتا', 0.9879890084266663)]","[('ہمارے', 0.8594042137265205), ('جیسے', 0.8594042137265205), ('ماشرے', 0.8594042137265205), ('میں', 0.8594042137265205), ('کانونی', 0.8594042137265205), ('مشاگافیوں', 0.8594042137265205), ('سے', 0.8594042137265205), ('کام', 0.8594042137265205), ('نہیں', 0.8594042137265205), ('چلتا', 0.8594042137265205)]",ہمارے جیسے معاشرے میں قانونی مشاگفیوں سے کام نہیں چلتا۔,0.2
common_voice_ur_31991029.mp3,داعش سے تیل خرینے والوں میں ایک تو خود بشار کی حکومت ہے,"[('دائش', 0.9263690842522515), ('سے', 0.9263690842522515), ('تیل', 0.9263690842522515), ('کرینے', 0.9263690842522515), ('والوں', 0.9263690842522515), ('میں', 0.9263690842522515), ('ایک', 0.9263690842522515), ('خود', 0.9263690842522515), ('مشار', 0.9263690842522515), ('کی', 0.9263690842522515), ('حکومت', 0.9263690842522515), ('ہے۔', 0.9263690842522515)]","[('دائش', 0.8604950686295827), ('سے', 0.8604950686295827), ('تیل', 0.8604950686295827), ('کھریدنے', 0.8604950686295827), ('والوں', 0.8604950686295827), ('میں', 0.8604950686295827), ('ایک', 0.8604950686295827), ('خود', 0.8604950686295827), ('بشار', 0.8604950686295827), ('کی', 0.8604950686295827), ('حکومت', 0.8604950686295827), ('ہے', 0.8604950686295827)]","[('دائ', 0.9742312431335449), ('سے', 0.9742312431335449), ('طیل', 0.9742312431335449), ('کرینے', 0.9742312431335449), ('والوں', 0.9742312431335449), ('میں', 0.9742312431335449), ('ایک', 0.9742312431335449), ('خود', 0.9742312431335449), ('بشار', 0.9742312431335449), ('کی', 0.9742312431335449), ('حکومت', 0.9742312431335449), ('ہے', 0.9742312431335449)]","[('دائس', 0.7822859914138399), ('سے', 0.7822859914138399), ('تیل', 0.7822859914138399), ('کریدنے', 0.7822859914138399), ('والوں', 0.7822859914138399), ('میں', 0.7822859914138399), ('ایک', 0.7822859914138399), ('خود', 0.7822859914138399), ('بشار', 0.7822859914138399), ('کی', 0.7822859914138399), ('حکومت', 0.7822859914138399), ('ہے', 0.7822859914138399)]",دائش سے تیل کرینے والوں میں ایک خود مشار کی حکومت ہے۔,0.3846153846153846
common_voice_ur_38464593.mp3,پیپلز پارٹی نے بھی تین چار سال پہلے ایک میڈیا گروپ کا بائیکاٹ کیا تھا۔,"[('پیپلز', 0.9617895931005478), ('پارٹی', 0.9617895931005478), ('نے', 0.9617895931005478), ('بھی', 0.9617895931005478), ('تین', 0.9617895931005478), ('چار', 0.9617895931005478), ('سال', 0.9617895931005478), ('پہلے', 0.9617895931005478), ('ایک', 0.9617895931005478), ('میڈیا', 0.9617895931005478), ('گروپ', 0.9617895931005478), ('کا', 0.9617895931005478), ('بائیک', 0.9617895931005478), ('آرٹ', 0.9617895931005478), ('کیا', 0.9617895931005478), ('تھا۔', 0.9617895931005478)]","[('پیپلز', 0.8927110752889088), ('پارٹی', 0.8927110752889088), ('نے', 0.8927110752889088), ('بھی', 0.8927110752889088), ('تین', 0.8927110752889088), ('چار', 0.8927110752889088), ('سال', 0.8927110752889088), ('پہلے', 0.8927110752889088), ('ایک', 0.8927110752889088), ('میڈیا', 0.8927110752889088), ('گروپ', 0.8927110752889088), ('کا', 0.8927110752889088), ('بائیکارٹ', 0.8927110752889088), ('کیا', 0.8927110752889088), ('تھا', 0.8927110752889088)]","[('پیپلز', 0.9787495732307434), ('پارٹی', 0.9787495732307434), ('نے', 0.9787495732307434), ('بھی', 0.9787495732307434), ('تین', 0.9787495732307434), ('چاٹ', 0.9787495732307434), ('س', 0.9787495732307434), ('ال', 0.9787495732307434), ('پہلے', 0.9787495732307434), ('ایک', 0.9787495732307434), ('میڈیا', 0.9787495732307434), ('گروپ', 0.9787495732307434), ('کا', 0.9787495732307434), ('باعیکارٹ', 0.9787495732307434), ('کیا', 0.9787495732307434), ('تھا', 0.9787495732307434)]","[('پیپس', 0.8332716636359692), ('پارٹی', 0.8332716636359692), ('نے', 0.8332716636359692), ('بھی', 0.8332716636359692), ('3-4', 0.8332716636359692), ('سال', 0.8332716636359692), ('پہلے', 0.8332716636359692), ('ایک', 0.8332716636359692), ('میڈیا', 0.8332716636359692), ('گروپ', 0.8332716636359692), ('کا', 0.8332716636359692), ('بائیکارٹ', 0.8332716636359692), ('کیا', 0.8332716636359692), ('تھا', 0.8332716636359692)]",پیپلز پارٹی نے بھی تین چار سال پہلے ایک میڈیا گروپ کا بائیک آرٹ کیا تھا۔,0.1333333333333333
common_voice_ur_35150523.mp3,اندرا گاندھی اور مودی صاحب دونوں، مشرقی پاکستان کی علیحدگی کو بھارت کا کارنامہ قرار دیتے ہیں۔,"[('اندرہ', 0.9338547631546303), ('گانڈی', 0.9338547631546303), ('اور', 0.9338547631546303), ('مودی', 0.9338547631546303), ('صاحب', 0.9338547631546303), ('دونوں', 0.9338547631546303), ('مشریفی', 0.9338547631546303), ('پاکستان', 0.9338547631546303), ('کی', 0.9338547631546303), ('الہدی', 0.9338547631546303), ('کو', 0.9338547631546303), ('بھارت', 0.9338547631546303), ('کا', 0.9338547631546303), ('کارنامہ', 0.9338547631546303), ('قرار', 0.9338547631546303), ('دیتے', 0.9338547631546303), ('ہیں۔', 0.9338547631546303)]","[('اندرا', 0.8324375683278368), ('گاندی', 0.8324375683278368), ('اور', 0.8324375683278368), ('موڈی', 0.8324375683278368), ('صاحب', 0.8324375683278368), ('دونوں', 0.8324375683278368), ('مشری', 0.8324375683278368), ('ویگ', 0.8324375683278368), ('پاکستان', 0.8324375683278368), ('کی', 0.8324375683278368), ('علیہ', 0.8324375683278368), ('دیگ', 0.8324375683278368), ('کو', 0.8324375683278368), ('بھارت', 0.8324375683278368), ('کا', 0.8324375683278368), ('کارنامہ', 0.8324375683278368), ('قرار', 0.8324375683278368), ('دیتے', 0.8324375683278368), ('ہیں۔', 0.8324375683278368)]","[('اندراگاندی', 0.9753963947296143), ('اور', 0.9753963947296143), ('مودھی', 0.9753963947296143), ('صاحب', 0.9753963947296143), ('دونوں', 0.9753963947296143), ('مشری', 0.9753963947296143), ('ویق', 0.9753963947296143), ('پاکستان', 0.9753963947296143), ('گی', 0.9753963947296143), ('علیدی', 0.9753963947296143), ('کو', 0.9753963947296143), ('بھارت', 0.9753963947296143), ('کا', 0.9753963947296143), ('کارناما', 0.9753963947296143), ('کرار', 0.9753963947296143), ('دیتے', 0.9753963947296143), ('ہیں', 0.9753963947296143)]","[('اندرہ', 0.7818986263412696), ('گاندی', 0.7818986263412696), ('اور', 0.7818986263412696), ('مودی', 0.7818986263412696), ('صاحب', 0.7818986263412696), ('دونوں', 0.7818986263412696), ('مشریوی', 0.7818986263412696), ('پاکستان', 0.7818986263412696), ('کی', 0.7818986263412696), ('علیدی', 0.7818986263412696), ('کو', 0.7818986263412696), ('بھارت', 0.7818986263412696), ('کا', 0.7818986263412696), ('کارنامہ', 0.7818986263412696), ('کرار', 0.7818986263412696), ('دیتے', 0.7818986263412696), ('ہیں', 0.7818986263412696)]",اندرہ گانڈی اور مودی صاحب دونوں مشریفی پاکستان کی الہدی کو بھارت کا کارنامہ قرار دیتے ہیں۔,0.2941176470588235
common_voice_ur_38462293.mp3,عبداللہ بازار کی طرف جاتے ہوئے بہت خوش نظر آرہا تھا,"[('عبداللہ', 0.983364694258746), ('بزار', 0.983364694258746), ('کی', 0.983364694258746), ('طرف', 0.983364694258746), ('جاتے', 0.983364694258746), ('ہوئے', 0.983364694258746), ('بہت', 0.983364694258746), ('خوش', 0.983364694258746), ('نظر', 0.983364694258746), ('آ', 0.983364694258746), ('رہا', 0.983364694258746), ('تھا۔', 0.983364694258746)]","[('عبداللہ', 0.9217600136092214), ('بزار', 0.9217600136092214), ('کی', 0.9217600136092214), ('طرف', 0.9217600136092214), ('جاتے', 0.9217600136092214), ('ہوئے', 0.9217600136092214), ('بہت', 0.9217600136092214), ('خوش', 0.9217600136092214), ('نظر', 0.9217600136092214), ('آ', 0.9217600136092214), ('رہا', 0.9217600136092214), ('تھا', 0.9217600136092214)]","[('اب', 0.9785907864570618), ('دللہ', 0.9785907864570618), ('بزار', 0.9785907864570618), ('کی', 0.9785907864570618), ('طرف', 0.9785907864570618), ('چاتے', 0.9785907864570618), ('ہوئے', 0.9785907864570618), ('بہت', 0.9785907864570618), ('خوش', 0.9785907864570618), ('نظہر', 0.9785907864570618), ('آ', 0.9785907864570618), ('رہا', 0.9785907864570618), ('تھا', 0.9785907864570618)]","[('عبداللہ', 0.8376445183248231), ('بزار', 0.8376445183248231), ('کی', 0.8376445183248231), ('طرف', 0.8376445183248231), ('جاتے', 0.8376445183248231), ('ہوئے', 0.8376445183248231), ('بہت', 0.8376445183248231), ('حوش', 0.8376445183248231), ('نظر', 0.8376445183248231), ('آ', 0.8376445183248231), ('رہا', 0.8376445183248231), ('تھا', 0.8376445183248231)]",عبداللہ بزار کی طرف جاتے ہوئے بہت خوش نظر آ رہا تھا۔,0.3636363636363636
common_voice_ur_32037828.mp3,یہی نہیں، آج سماج بھی زندہ ہے۔,"[('یہی', 0.9654888947804768), ('نہیں', 0.9654888947804768), ('آج', 0.9654888947804768), ('سمان', 0.9654888947804768), ('بھی', 0.9654888947804768), ('زندہ', 0.9654888947804768), ('ہے', 0.9654888947804768)]","[('یہی', 0.8802678128083546), ('نہیں', 0.8802678128083546), ('آج', 0.8802678128083546), ('سمان', 0.8802678128083546), ('بھی', 0.8802678128083546), ('زندہ', 0.8802678128083546), ('ہے', 0.8802678128083546)]","[('یہی', 0.9885351061820984), ('نئیں', 0.9885351061820984), ('آج', 0.9885351061820984), ('سامان', 0.9885351061820984), ('بھی', 0.9885351061820984), ('زندہ', 0.9885351061820984), ('ہے', 0.9885351061820984)]","[('یہی', 0.8865386525789897), ('نہیں', 0.8865386525789897), ('آج', 0.8865386525789897), ('سمان', 0.8865386525789897), ('بھی', 0.8865386525789897), ('زندہ', 0.8865386525789897), ('ہے', 0.8865386525789897)]",یہی نہیں آج سمان بھی زندہ ہے۔,0.4285714285714285
common_voice_ur_38463911.mp3,سے زائد کا جرمانہ عائد کیا جس,"[('سے', 0.9307637277402376), ('زائد', 0.9307637277402376), ('کا', 0.9307637277402376), ('جرمانہ', 0.9307637277402376), ('آئیت', 0.9307637277402376), ('کیا', 0.9307637277402376), ('جس', 0.9307637277402376)]","[('سیز', 0.849207130074501), ('آیت', 0.849207130074501), ('کا', 0.849207130074501), ('جرمانہ', 0.849207130074501), ('آیت', 0.849207130074501), ('کیا', 0.849207130074501), ('جس', 0.849207130074501)]","[('سے', 0.9814059734344482), ('زائد', 0.9814059734344482), ('کا', 0.9814059734344482), ('جورمانہ', 0.9814059734344482), ('آید', 0.9814059734344482), ('کیا', 0.9814059734344482), ('جس', 0.9814059734344482)]","[('سیزائد', 0.7491625785827637), ('کا', 0.7491625785827637), ('جرمانہ', 0.7491625785827637), ('آئیت', 0.7491625785827637), ('کیا', 0.7491625785827637), ('جس', 0.7491625785827637)]",سے زائد کا جرمانہ آئیت کیا جس۔,0.1428571428571428
common_voice_ur_32010801.mp3,فلم انڈسٹری کو اس منزل تک,"[('فلم', 0.972336657345295), ('انڈسٹری', 0.972336657345295), ('کو', 0.972336657345295), ('اس', 0.972336657345295), ('منزل', 0.972336657345295), ('تک', 0.972336657345295)]","[('فیلم', 0.825741607695818), ('اندسٹری', 0.825741607695818), ('کو', 0.825741607695818), ('اس', 0.825741607695818), ('منزل', 0.825741607695818), ('تک', 0.825741607695818)]","[('پھلی', 0.9702871441841125), ('منڈسری', 0.9702871441841125), ('کو', 0.9702871441841125), ('اس', 0.9702871441841125), ('منزل', 0.9702871441841125), ('تق', 0.9702871441841125)]","[('فیلم', 0.6307133515675862), ('اندسری', 0.6307133515675862), ('کو', 0.6307133515675862), ('اس', 0.6307133515675862), ('منزل', 0.6307133515675862), ('تک', 0.6307133515675862)]",فلم انڈسٹری کو اس منزل تک۔,0.0
common_voice_ur_32027349.mp3,دولت لب سے پھر اے خسرو شیریں دہناں,"[('دولت', 0.8603897315004597), ('لب', 0.8603897315004597), ('سے', 0.8603897315004597), ('پھر', 0.8603897315004597), ('اے', 0.8603897315004597), ('خسرو', 0.8603897315004597), ('شیرنگ', 0.8603897315004597), ('دہنا', 0.8603897315004597)]","[('دولت', 0.6297783007224401), ('لبس', 0.6297783007224401), ('پیر', 0.6297783007224401), ('آی', 0.6297783007224401), ('خصرو', 0.6297783007224401), ('شیر', 0.6297783007224401), ('دہنا', 0.6297783007224401)]","[('دولت', 0.9894596338272095), ('لب', 0.9894596338272095), ('سے', 0.9894596338272095), ('پھر', 0.9894596338272095), ('ہےے', 0.9894596338272095), ('خصرو', 0.9894596338272095), ('شیرنگ', 0.9894596338272095), ('دہنں', 0.9894596338272095)]","[('دولود', 0.5146178854629397), ('لب', 0.5146178854629397), ('سے', 0.5146178854629397), ('پھیل', 0.5146178854629397), ('اہم', 0.5146178854629397), ('خصرو', 0.5146178854629397), ('شیرندہ', 0.5146178854629397), ('نا', 0.5146178854629397)]",دولت لب سے پھر اے خسرو شیرنگ دہنا۔,0.25
common_voice_ur_32000865.mp3,واز لگانے کی ٹیکنالوجی ہمارے پاکستانی سیاستدا نوں کی ایکسپورٹ کردہ ہوگی اگر آ,"[('واج', 0.9023415744304657), ('لگانے', 0.9023415744304657), ('کی', 0.9023415744304657), ('ٹیکنالوجی', 0.9023415744304657), ('ہمارے', 0.9023415744304657), ('پاکستانی', 0.9023415744304657), ('سیاستدانوں', 0.9023415744304657), ('کی', 0.9023415744304657), ('ایکسپورٹ', 0.9023415744304657), ('کرتا', 0.9023415744304657), ('ہوگی', 0.9023415744304657), ('اگر', 0.9023415744304657)]","[('واز', 0.8083170710698419), ('لگانے', 0.8083170710698419), ('کی', 0.8083170710698419), ('تکنالوجی', 0.8083170710698419), ('ہمارے', 0.8083170710698419), ('پاکستانی', 0.8083170710698419), ('سیادتانوں', 0.8083170710698419), ('کی', 0.8083170710698419), ('ایک', 0.8083170710698419), ('سپورٹ', 0.8083170710698419), ('کرتا', 0.8083170710698419), ('ہوگی', 0.8083170710698419), ('اگر', 0.8083170710698419)]","[('واز', 0.9706268310546875), ('لگانی', 0.9706268310546875), ('کی', 0.9706268310546875), ('ٹیکنالوجی', 0.9706268310546875), ('ہمارے', 0.9706268310546875), ('پاکستانی', 0.9706268310546875), ('سیاسطانوں', 0.9706268310546875), ('کی', 0.9706268310546875), ('ایک', 0.9706268310546875), ('سپورٹ', 0.9706268310546875), ('کردکردا', 0.9706268310546875), ('ہو', 0.9706268310546875), ('گی', 0.9706268310546875), ('اگر', 0.9706268310546875), ('کا', 0.9706268310546875)]","[('واز', 0.7950624684070019), ('لگانے', 0.7950624684070019), ('کی', 0.7950624684070019), ('ٹیکنالیچی', 0.7950624684070019), ('ہمارے', 0.7950624684070019), ('پاکستانی', 0.7950624684070019), ('سیادانوں', 0.7950624684070019), ('کی', 0.7950624684070019), ('ایک', 0.7950624684070019), ('سپورٹ', 0.7950624684070019), ('کردہ', 0.7950624684070019), ('ہوگی', 0.7950624684070019), ('اگر', 0.7950624684070019)]",واج لگانے کی ٹیکنالوجی ہمارے پاکستانی سیاستدانوں کی ایکسپورٹ کرتا ہوگی اگر۔,0.3571428571428571
common_voice_ur_38505198.mp3,صرف ہاتھوں کو نہ دیکھو کبھی آنکھیں بھی پڑھو,"[('صرف', 0.9846661157078214), ('ہاتھوں', 0.9846661157078214), ('کو', 0.9846661157078214), ('نہ', 0.9846661157078214), ('دیکھو', 0.9846661157078214), ('کبھی', 0.9846661157078214), ('آنکھیں', 0.9846661157078214), ('بھی', 0.9846661157078214), ('پڑو', 0.9846661157078214)]","[('صرف', 0.9305807793581927), ('ہاتھوں', 0.9305807793581927), ('کو', 0.9305807793581927), ('نہ', 0.9305807793581927), ('دیکھو', 0.9305807793581927), ('کبھی', 0.9305807793581927), ('آنکھیں', 0.9305807793581927), ('بھی', 0.9305807793581927), ('پڑو', 0.9305807793581927)]","[('صرف', 0.9785711765289307), ('ہاتو', 0.9785711765289307), ('کو', 0.9785711765289307), ('نہ', 0.9785711765289307), ('دیکھو', 0.9785711765289307), ('کبھی', 0.9785711765289307), ('آنکھے', 0.9785711765289307), ('بھی', 0.9785711765289307), ('پڑو', 0.9785711765289307)]","[('صرف', 0.8644495159387589), ('ہاتو', 0.8644495159387589), ('کو', 0.8644495159387589), ('نہ', 0.8644495159387589), ('دیکھو', 0.8644495159387589), ('کبھی', 0.8644495159387589), ('آنکھیں', 0.8644495159387589), ('بھی', 0.8644495159387589), ('پڑو', 0.8644495159387589)]",صرف ہاتھوں کو نہ دیکھو کبھی آنکھیں بھی پڑو۔,0.1111111111111111
common_voice_ur_38458804.mp3,تیرے کام کی شان میں کیسے بتاؤں,"[('تیرے', 0.9785009748057315), ('کام', 0.9785009748057315), ('کی', 0.9785009748057315), ('شان', 0.9785009748057315), ('میں', 0.9785009748057315), ('کیسے', 0.9785009748057315), ('بتاؤں؟', 0.9785009748057315)]","[('تیرے', 0.8973661082632401), ('کام', 0.8973661082632401), ('کی', 0.8973661082632401), ('شان', 0.8973661082632401), ('میں', 0.8973661082632401), ('کیسے', 0.8973661082632401), ('بتاؤ', 0.8973661082632401)]","[('تیرے', 0.9878387451171875), ('کام', 0.9878387451171875), ('کی', 0.9878387451171875), ('شان', 0.9878387451171875), ('میں', 0.9878387451171875), ('کیسے', 0.9878387451171875), ('بتا', 0.9878387451171875), ('ہو', 0.9878387451171875)]","[('تیرے', 0.8553866396347681), ('کام', 0.8553866396347681), ('کی', 0.8553866396347681), ('شان', 0.8553866396347681), ('میں', 0.8553866396347681), ('کیسے', 0.8553866396347681), ('بتاؤ؟', 0.8553866396347681)]",تیرے کام کی شان میں کیسے بتاؤں؟۔,0.1428571428571428
common_voice_ur_41163571.mp3,یہ میں نہیں جانتا,"[('یہ', 0.9761056676506996), ('میں', 0.9761056676506996), ('نہیں', 0.9761056676506996), ('دانتا', 0.9761056676506996)]","[('یہ', 0.8710892982780933), ('میں', 0.8710892982780933), ('نہیں', 0.8710892982780933), ('دانتا', 0.8710892982780933)]","[('یہ', 0.987566351890564), ('میں', 0.987566351890564), ('نہیں', 0.987566351890564), ('جان', 0.987566351890564), ('تا', 0.987566351890564)]","[('یہ', 0.8575278148055077), ('میں', 0.8575278148055077), ('نہیں', 0.8575278148055077), ('دانتا', 0.8575278148055077)]",یہ میں نہیں دانتا۔,0.25
common_voice_ur_31930621.mp3,اورکوئی جمہوریت کو کوس رہا ہے۔,"[('اور', 0.9322450260321299), ('گئی', 0.9322450260321299), ('جمہوریت', 0.9322450260321299), ('کو', 0.9322450260321299), ('کوس', 0.9322450260321299), ('رہا', 0.9322450260321299), ('ہے', 0.9322450260321299)]","[('اور', 0.8223463932150289), ('کئی', 0.8223463932150289), ('جمہوریت', 0.8223463932150289), ('کوکھس', 0.8223463932150289), ('رہا', 0.8223463932150289), ('ہے', 0.8223463932150289)]","[('اور', 0.9862191677093506), ('گئی', 0.9862191677093506), ('جمہوریت', 0.9862191677093506), ('کو', 0.9862191677093506), ('کروش', 0.9862191677093506), ('رہا', 0.9862191677093506), ('ہڈے', 0.9862191677093506)]","[('اور', 0.8004588638432324), ('گئی', 0.8004588638432324), ('جموریت', 0.8004588638432324), ('کو', 0.8004588638432324), ('سرہا', 0.8004588638432324), ('ہے', 0.8004588638432324)]",اور گئی جمہوریت کو کوس رہا ہے۔,0.5
common_voice_ur_41122892.mp3,مانگے تانگے پہ گزر کرتے ہیں۔,"[('مانگے', 0.9148773707841572), ('تانگے', 0.9148773707841572), ('پہ', 0.9148773707841572), ('گزارہ', 0.9148773707841572), ('کرتے', 0.9148773707841572), ('ہیں', 0.9148773707841572)]","[('مانگے', 0.8430394127964973), ('تانگے', 0.8430394127964973), ('پائے', 0.8430394127964973), ('گزارہ', 0.8430394127964973), ('کرتے', 0.8430394127964973), ('ہیں', 0.8430394127964973)]","[('مانگے', 0.9729026556015015), ('تنگے', 0.9729026556015015), ('پئیےک', 0.9729026556015015), ('گزارح', 0.9729026556015015), ('کرتے', 0.9729026556015015), ('ہیں', 0.9729026556015015)]","[('مانگے', 0.6664030081347415), ('تنگے', 0.6664030081347415), ('پیگ', 0.6664030081347415), ('جزار', 0.6664030081347415), ('کرتے', 0.6664030081347415), ('ہیں', 0.6664030081347415)]",مانگے تانگے پہ گزارہ کرتے ہیں۔,0.3333333333333333
common_voice_ur_41150073.mp3,تو دوسری حکومت بلا سوچے سمجھے، اسے تبدیل کر دے گی۔,"[('تو', 0.9790262772190955), ('دوسری', 0.9790262772190955), ('حکومت', 0.9790262772190955), ('بلا', 0.9790262772190955), ('سوچے', 0.9790262772190955), ('سمجھے', 0.9790262772190955), ('اسے', 0.9790262772190955), ('تبدیل', 0.9790262772190955), ('کر', 0.9790262772190955), ('دے', 0.9790262772190955), ('گی', 0.9790262772190955)]","[('تو', 0.9337597912357699), ('دوسری', 0.9337597912357699), ('حکومت', 0.9337597912357699), ('بلا', 0.9337597912357699), ('سوچے', 0.9337597912357699), ('سمجھے', 0.9337597912357699), ('اسے', 0.9337597912357699), ('تبدیل', 0.9337597912357699), ('کر', 0.9337597912357699), ('دے', 0.9337597912357699), ('گی', 0.9337597912357699)]","[('تو', 0.9825180768966675), ('دوسری', 0.9825180768966675), ('حکومت', 0.9825180768966675), ('بلا', 0.9825180768966675), ('سوچے', 0.9825180768966675), ('سمجھے', 0.9825180768966675), ('اسے', 0.9825180768966675), ('تب', 0.9825180768966675), ('دیل', 0.9825180768966675), ('کر', 0.9825180768966675), ('دیے', 0.9825180768966675), ('گی', 0.9825180768966675)]","[('تو', 0.8912643636426618), ('دوسری', 0.8912643636426618), ('حکومت', 0.8912643636426618), ('بلا', 0.8912643636426618), ('سوچے', 0.8912643636426618), ('سمجھے', 0.8912643636426618), ('اسے', 0.8912643636426618), ('تبدیل', 0.8912643636426618), ('کر', 0.8912643636426618), ('دے', 0.8912643636426618), ('گی', 0.8912643636426618)]",تو دوسری حکومت بلا سوچے سمجھے اسے تبدیل کر دے گی۔,0.1818181818181818
common_voice_ur_38477037.mp3,میرا خیال ہے کہ وزیراعظم کو آگے بڑھ کر معاملے کواپنے ہاتھ میں لینا چاہیے۔,"[('میرا', 0.9241657393134158), ('حیال', 0.9241657393134158), ('ہے', 0.9241657393134158), ('کہ', 0.9241657393134158), ('وزیراعظم', 0.9241657393134158), ('کو', 0.9241657393134158), ('آگے', 0.9241657393134158), ('بڑھ', 0.9241657393134158), ('کر', 0.9241657393134158), ('معاملے', 0.9241657393134158), ('کو', 0.9241657393134158), ('اپنے', 0.9241657393134158), ('ہاتھ', 0.9241657393134158), ('پہنچنا', 0.9241657393134158), ('چاہیے', 0.9241657393134158)]","[('میرا', 0.7142579499218199), ('ہیالے', 0.7142579499218199), ('کے', 0.7142579499218199), ('وزیرا', 0.7142579499218199), ('دم', 0.7142579499218199), ('کو', 0.7142579499218199), ('اگر', 0.7142579499218199), ('بڑھ', 0.7142579499218199), ('کر', 0.7142579499218199), ('معاملے', 0.7142579499218199), ('کو', 0.7142579499218199), ('اپنے', 0.7142579499218199), ('ہاتھ', 0.7142579499218199), ('پیرنے', 0.7142579499218199), ('چاہیے', 0.7142579499218199)]","[('میراحیال', 0.9407336115837097), ('کے', 0.9407336115837097), ('وزیر', 0.9407336115837097), ('عدم', 0.9407336115837097), ('کواگی', 0.9407336115837097), ('بڈکر', 0.9407336115837097), ('معاملے', 0.9407336115837097), ('کو', 0.9407336115837097), ('پنے', 0.9407336115837097), ('ہات', 0.9407336115837097), ('پجانا', 0.9407336115837097), ('چاہیے', 0.9407336115837097)]","[('میرا', 0.6823461264033209), ('حیالے', 0.6823461264033209), ('کے', 0.6823461264033209), ('بذریادم', 0.6823461264033209), ('کو', 0.6823461264033209), ('آگے', 0.6823461264033209), ('پڑھ', 0.6823461264033209), ('کر', 0.6823461264033209), ('معاملے', 0.6823461264033209), ('کو', 0.6823461264033209), ('اپنے', 0.6823461264033209), ('ہاتھ', 0.6823461264033209), ('بھی', 0.6823461264033209), ('لائنا', 0.6823461264033209), ('چاہی', 0.6823461264033209), ('ہے', 0.6823461264033209)]",میرا حیال ہے کہ وزیراعظم کو آگے بڑھ کر معاملے کو اپنے ہاتھ پہنچنا چاہیے۔,0.4
common_voice_ur_32002814.mp3,البتہ اسے کم سے کم کرنے کی کوششیں,"[('البتہ', 0.9356709185399508), ('اسے', 0.9356709185399508), ('کام', 0.9356709185399508), ('سے', 0.9356709185399508), ('کام', 0.9356709185399508), ('کرنے', 0.9356709185399508), ('کی', 0.9356709185399508), ('کوشش', 0.9356709185399508), ('ہے', 0.9356709185399508)]","[('البتہ', 0.793410452572923), ('اسے', 0.793410452572923), ('کم', 0.793410452572923), ('سے', 0.793410452572923), ('کم', 0.793410452572923), ('کرنے', 0.793410452572923), ('کی', 0.793410452572923), ('کوشش', 0.793410452572923), ('ہیں', 0.793410452572923)]","[('البتہ', 0.9772083163261414), ('ایسے', 0.9772083163261414), ('گم', 0.9772083163261414), ('سے', 0.9772083163261414), ('گھم', 0.9772083163261414), ('کرنے', 0.9772083163261414), ('کی', 0.9772083163261414), ('کروششیں', 0.9772083163261414)]","[('ایسے', 0.6967612467706203), ('کام', 0.6967612467706203), ('سے', 0.6967612467706203), ('کام', 0.6967612467706203), ('کرنے', 0.6967612467706203), ('کی', 0.6967612467706203), ('کوششیں', 0.6967612467706203)]",البتہ اسے کام سے کام کرنے کی کوشش ہے۔,0.5
common_voice_ur_31954024.mp3,پاکستان اور انگلینڈ کے درمیان دوسرا ٹیسٹ کل سے دبئی میں شروع ہوگا,"[('پاکستان', 0.9526576283501416), ('اور', 0.9526576283501416), ('انگلینڈ', 0.9526576283501416), ('کے', 0.9526576283501416), ('درمیان', 0.9526576283501416), ('دوسرا', 0.9526576283501416), ('ٹیسٹ', 0.9526576283501416), ('کل', 0.9526576283501416), ('سے', 0.9526576283501416), ('دبائی', 0.9526576283501416), ('میں', 0.9526576283501416), ('شروع', 0.9526576283501416), ('ہو', 0.9526576283501416), ('گیا', 0.9526576283501416)]","[('پرستان', 0.7577517252001498), ('اور', 0.7577517252001498), ('انگلینکلر', 0.7577517252001498), ('میں', 0.7577517252001498), ('آن', 0.7577517252001498), ('دوسرا', 0.7577517252001498), ('تسٹ', 0.7577517252001498), ('کال', 0.7577517252001498), ('سے', 0.7577517252001498), ('دوبائی', 0.7577517252001498), ('میں', 0.7577517252001498), ('شروع', 0.7577517252001498), ('ہو', 0.7577517252001498), ('گیا', 0.7577517252001498)]","[('پاکستان', 0.9573519825935364), ('اور', 0.9573519825935364), ('انگ', 0.9573519825935364), ('لین', 0.9573519825935364), ('کلارمیان', 0.9573519825935364), ('دوسرا', 0.9573519825935364), ('ٹیسٹ', 0.9573519825935364), ('کل', 0.9573519825935364), ('سے', 0.9573519825935364), ('دوئی', 0.9573519825935364), ('م', 0.9573519825935364), ('شروع', 0.9573519825935364), ('ہو', 0.9573519825935364), ('گا', 0.9573519825935364)]","[('پاکستان', 0.6791405417025089), ('اور', 0.6791405417025089), ('انگلین', 0.6791405417025089), ('کا', 0.6791405417025089), ('درمیان', 0.6791405417025089), ('دوسرا', 0.6791405417025089), ('ٹیسٹ', 0.6791405417025089), ('کال', 0.6791405417025089), ('سے', 0.6791405417025089), ('دو', 0.6791405417025089), ('بہی', 0.6791405417025089), ('میں', 0.6791405417025089), ('شروع', 0.6791405417025089), ('ہو', 0.6791405417025089), ('گیا', 0.6791405417025089)]",پاکستان اور انگلینڈ کے درمیان دوسرا ٹیسٹ کل سے دبائی میں شروع ہو گیا۔,0.2307692307692307
common_voice_ur_41175893.mp3,ہمارے ملک میں,"[('ہمارے', 0.9988633328013949), ('ملک', 0.9988633328013949), ('میں', 0.9988633328013949)]","[('ہمارے', 0.9591918587684631), ('ملک', 0.9591918587684631), ('میں', 0.9591918587684631)]","[('ہمارے', 0.9958498477935791), ('ملک', 0.9958498477935791), ('میں', 0.9958498477935791)]","[('ہمارے', 0.8741523623466492), ('ملک', 0.8741523623466492), ('میں', 0.8741523623466492)]",ہمارے ملک میں۔,0.0
common_voice_ur_38502457.mp3,اب تک میری یادوں سے مٹائے نہیں مٹتا,"[('اب', 0.955160191184596), ('تک', 0.955160191184596), ('میری', 0.955160191184596), ('یادوں', 0.955160191184596), ('سے', 0.955160191184596), ('مٹائے', 0.955160191184596), ('نہیں', 0.955160191184596), ('مٹتا', 0.955160191184596)]","[('اب', 0.8552299941840925), ('تک', 0.8552299941840925), ('میری', 0.8552299941840925), ('یادوں', 0.8552299941840925), ('سے', 0.8552299941840925), ('مٹائے', 0.8552299941840925), ('نہیں', 0.8552299941840925), ('مٹتا', 0.8552299941840925)]","[('اپ', 0.9759751558303833), ('تک', 0.9759751558303833), ('میرییا', 0.9759751558303833), ('دوں', 0.9759751558303833), ('سے', 0.9759751558303833), ('مٹائے', 0.9759751558303833), ('نہیں', 0.9759751558303833), ('مٹھتا', 0.9759751558303833)]","[('اب', 0.7378472842276096), ('تک', 0.7378472842276096), ('میری', 0.7378472842276096), ('عدو', 0.7378472842276096), ('سن', 0.7378472842276096), ('مٹایا', 0.7378472842276096), ('نہیں', 0.7378472842276096), ('مٹتا', 0.7378472842276096)]",اب تک میری یادوں سے مٹائے نہیں مٹتا۔,0.0
common_voice_ur_41169408.mp3,سوئے لینٹ، ڈرائیور لیس کار اور اس طر ح کی دیگر ایجادات کے بعد دنیا بہت مختلف ہوجائے گی۔,"[('سوئل', 0.9175785171985626), ('لینٹ', 0.9175785171985626), ('ڈرائیور', 0.9175785171985626), ('لیس', 0.9175785171985626), ('کار', 0.9175785171985626), ('اور', 0.9175785171985626), ('اس', 0.9175785171985626), ('طرح', 0.9175785171985626), ('کی', 0.9175785171985626), ('دیگر', 0.9175785171985626), ('اجازات', 0.9175785171985626), ('کے', 0.9175785171985626), ('بعد', 0.9175785171985626), ('دنیا', 0.9175785171985626), ('بہت', 0.9175785171985626), ('تلف', 0.9175785171985626), ('ہو', 0.9175785171985626), ('جائے', 0.9175785171985626), ('گی', 0.9175785171985626)]","[('سوئل', 0.7859293955564499), ('لینٹ', 0.7859293955564499), ('ڈرائور', 0.7859293955564499), ('نیس', 0.7859293955564499), ('کار', 0.7859293955564499), ('اور', 0.7859293955564499), ('اس', 0.7859293955564499), ('طرح', 0.7859293955564499), ('کی', 0.7859293955564499), ('بیگر', 0.7859293955564499), ('اجادات', 0.7859293955564499), ('کے', 0.7859293955564499), ('بعد', 0.7859293955564499), ('دنیا', 0.7859293955564499), ('بہت', 0.7859293955564499), ('تختلف', 0.7859293955564499), ('ہو', 0.7859293955564499), ('جائے', 0.7859293955564499), ('گی', 0.7859293955564499)]","[('اسوئللینٹ', 0.9771873950958252), ('دٹرائیور', 0.9771873950958252), ('لیس', 0.9771873950958252), ('کار', 0.9771873950958252), ('اور', 0.9771873950958252), ('اس', 0.9771873950958252), ('طرح', 0.9771873950958252), ('کی', 0.9771873950958252), ('گیگر', 0.9771873950958252), ('اجادات', 0.9771873950958252), ('کے', 0.9771873950958252), ('بات', 0.9771873950958252), ('دنیا', 0.9771873950958252), ('بہت', 0.9771873950958252), ('مختلف', 0.9771873950958252), ('ہو', 0.9771873950958252), ('جائے', 0.9771873950958252), ('گی', 0.9771873950958252)]","[('سویلنٹ،', 0.6823155973106623), ('ٹریورنڈ،', 0.6823155973106623), ('ٹیزکار', 0.6823155973106623), ('اور', 0.6823155973106623), ('اس', 0.6823155973106623), ('طرح', 0.6823155973106623), ('کی', 0.6823155973106623), ('بیگر', 0.6823155973106623), ('اجادات', 0.6823155973106623), ('کے', 0.6823155973106623), ('بعد', 0.6823155973106623), ('دنیا', 0.6823155973106623), ('بہت', 0.6823155973106623), ('کلف', 0.6823155973106623), ('ہو', 0.6823155973106623), ('جائے', 0.6823155973106623), ('گی', 0.6823155973106623)]",سوئل لینٹ ڈرائیور لیس عشق اور اس طرح کی دیگر اجازات کے بعد دنیا بہت تلف ہو جائے گی۔,0.4736842105263157
common_voice_ur_32056399.mp3,وہ تاریخ کاحصہ ہے,"[('وہ', 0.9705525257370688), ('تاریخ', 0.9705525257370688), ('کا', 0.9705525257370688), ('حصہ', 0.9705525257370688), ('ہے', 0.9705525257370688)]","[('وہ', 0.8499042044083277), ('تاریخ', 0.8499042044083277), ('کا', 0.8499042044083277), ('حیثہ', 0.8499042044083277), ('ہے', 0.8499042044083277)]","[('وہ', 0.9909635782241821), ('تاریخ', 0.9909635782241821), ('کا', 0.9909635782241821), ('حصہ', 0.9909635782241821), ('ہے', 0.9909635782241821)]","[('وہ', 0.5669054210186004), ('طاریقہ', 0.5669054210186004), ('سہے', 0.5669054210186004)]",وہ تاریخ کا حصہ ہے۔,0.5
common_voice_ur_38450217.mp3,لاتے ہیں سرور اول دیتے ہیں شراب آخر,"[('لاتے', 0.9747477829456329), ('ہیں', 0.9747477829456329), ('سرور', 0.9747477829456329), ('اول', 0.9747477829456329), ('دیتے', 0.9747477829456329), ('ہیں', 0.9747477829456329), ('شراب', 0.9747477829456329), ('آخر', 0.9747477829456329)]","[('لاتے', 0.8622037881896609), ('ہیں', 0.8622037881896609), ('سرور', 0.8622037881896609), ('اول،', 0.8622037881896609), ('دیتے', 0.8622037881896609), ('ہیں', 0.8622037881896609), ('شراب', 0.8622037881896609), ('اخر', 0.8622037881896609)]","[('لاتے', 0.9752395153045654), ('ہیں', 0.9752395153045654), ('صرف', 0.9752395153045654), ('ور', 0.9752395153045654), ('عول', 0.9752395153045654), ('تیتے', 0.9752395153045654), ('ہیں', 0.9752395153045654), ('شہراب', 0.9752395153045654), ('اخر', 0.9752395153045654)]","[('لاتے', 0.801250620321794), ('ہیں', 0.801250620321794), ('سرور', 0.801250620321794), ('اول،', 0.801250620321794), ('دیتے', 0.801250620321794), ('ہیں', 0.801250620321794), ('شیراب', 0.801250620321794), ('اخر', 0.801250620321794)]",لاتے ہیں سرور اول دیتے ہیں شراب آخر۔,0.0
common_voice_ur_32060175.mp3,خواتین کے لئے کوئی خصوصی پیغام دینا چاہیے گی,"[('خواتین', 0.950352547630187), ('کے', 0.950352547630187), ('لئے', 0.950352547630187), ('کوئی', 0.950352547630187), ('خصوصی', 0.950352547630187), ('پیغام', 0.950352547630187), ('دینا', 0.950352547630187), ('چاہیے', 0.950352547630187), ('گی', 0.950352547630187)]","[('خواتین', 0.7653663461246798), ('کیلئے', 0.7653663461246798), ('کوئی', 0.7653663461246798), ('خصوصی', 0.7653663461246798), ('پیغام', 0.7653663461246798), ('دینا', 0.7653663461246798), ('چاہیے', 0.7653663461246798), ('گی', 0.7653663461246798)]","[('خواتین', 0.9829856157302856), ('کیلیے', 0.9829856157302856), ('کوئی', 0.9829856157302856), ('خصوسی', 0.9829856157302856), ('پیغام', 0.9829856157302856), ('دینا', 0.9829856157302856), ('چاہیگی', 0.9829856157302856)]","[('ہوا', 0.7561234053104154), ('تین', 0.7561234053104154), ('کلیل', 0.7561234053104154), ('کوئی', 0.7561234053104154), ('خصوصی', 0.7561234053104154), ('پیغام', 0.7561234053104154), ('دینا', 0.7561234053104154), ('چاہیے', 0.7561234053104154), ('گی', 0.7561234053104154)]",خواتین کے لئے کوئی خصوصی پیغام دینا چاہیے گی۔,0.0
common_voice_ur_38465820.mp3,عمودی توسیع کی ایک عمدہ مثال ہانگ کانگ ہے۔,"[('امیدی', 0.909432018244708), ('توسیق', 0.909432018244708), ('کی', 0.909432018244708), ('ایک', 0.909432018244708), ('امدہ', 0.909432018244708), ('مثال', 0.909432018244708), ('ہانگ', 0.909432018244708), ('کانگ', 0.909432018244708), ('ہے۔', 0.909432018244708)]","[('اور', 0.8261443066596985), ('مردی', 0.8261443066596985), ('توسی', 0.8261443066596985), ('کی', 0.8261443066596985), ('ایک', 0.8261443066596985), ('امدہ', 0.8261443066596985), ('مثال', 0.8261443066596985), ('ہانگ', 0.8261443066596985), ('کانگ', 0.8261443066596985), ('ہے', 0.8261443066596985)]","[('اعمیدی', 0.9655693769454956), ('توسی', 0.9655693769454956), ('کی', 0.9655693769454956), ('ایک', 0.9655693769454956), ('عمدہ', 0.9655693769454956), ('مسال', 0.9655693769454956), ('حان', 0.9655693769454956), ('کانگ', 0.9655693769454956), ('ہے', 0.9655693769454956)]","[('اموردی', 0.7256211700538794), ('توسی', 0.7256211700538794), ('کی', 0.7256211700538794), ('ایک', 0.7256211700538794), ('امدہ', 0.7256211700538794), ('مثال', 0.7256211700538794), ('ہانکانگ', 0.7256211700538794), ('ہے', 0.7256211700538794)]",امیدی توسیق کی ایک امدہ مثال ہانگ کانگ ہے۔,0.3333333333333333
common_voice_ur_38475521.mp3,طلاق کے بعد ارب پتی بننے والی خاتون نے نصف دولت عطیہ کردی,"[('طلاق', 0.9324795911389012), ('کے', 0.9324795911389012), ('بعد', 0.9324795911389012), ('عربتی', 0.9324795911389012), ('بننے', 0.9324795911389012), ('والی', 0.9324795911389012), ('خاتون', 0.9324795911389012), ('نے', 0.9324795911389012), ('نصف', 0.9324795911389012), ('دولت', 0.9324795911389012), ('اتیا', 0.9324795911389012), ('کر', 0.9324795911389012), ('دی', 0.9324795911389012)]","[('تلاق', 0.7684059949482188), ('کے', 0.7684059949482188), ('بعد', 0.7684059949482188), ('عرب', 0.7684059949482188), ('پتی', 0.7684059949482188), ('بننے', 0.7684059949482188), ('والی', 0.7684059949482188), ('خاتون', 0.7684059949482188), ('نے', 0.7684059949482188), ('نصف', 0.7684059949482188), ('کو', 0.7684059949482188), ('دولت', 0.7684059949482188), ('اطیاء', 0.7684059949482188), ('کر', 0.7684059949482188), ('دی', 0.7684059949482188)]","[('تلا', 0.9750334620475769), ('کہ', 0.9750334620475769), ('بعد', 0.9750334620475769), ('عرب', 0.9750334620475769), ('بتی', 0.9750334620475769), ('برنے', 0.9750334620475769), ('والی', 0.9750334620475769), ('خاطون', 0.9750334620475769), ('نے', 0.9750334620475769), ('نصفط', 0.9750334620475769), ('دولت', 0.9750334620475769), ('عتیاع', 0.9750334620475769), ('کرتی', 0.9750334620475769)]","[('تلاق', 0.7782627219153989), ('کے', 0.7782627219153989), ('بعد', 0.7782627219153989), ('عربتی', 0.7782627219153989), ('بننے', 0.7782627219153989), ('والی', 0.7782627219153989), ('خاتون', 0.7782627219153989), ('نے', 0.7782627219153989), ('نصف', 0.7782627219153989), ('دولت', 0.7782627219153989), ('اتیا', 0.7782627219153989), ('کر', 0.7782627219153989), ('دی', 0.7782627219153989)]",طلاق کے بعد عربتی بننے والی خاتون نے نصف دولت اتیا کر دی۔,0.3846153846153846
common_voice_ur_41161216.mp3,برا نہیں ماننا,"[('برا', 0.9200002040181842), ('نہیں', 0.9200002040181842), ('ماننا', 0.9200002040181842)]","[('برا', 0.7853738026959556), ('نہیں', 0.7853738026959556), ('ماننا', 0.7853738026959556)]","[('ورا', 0.9873367547988892), ('نہیں', 0.9873367547988892), ('ماننا', 0.9873367547988892)]","[('برا', 0.6430373064109257), ('نہیں', 0.6430373064109257), ('ماننا', 0.6430373064109257)]",برا نہیں ماننا۔,0.0
common_voice_ur_41148503.mp3,سری دیوی کی اخری رسومات سرکاری اعزاز کے ساتھ ادا کی جائیں گی,"[('سری', 0.9761912461958433), ('ڈیوی', 0.9761912461958433), ('کی', 0.9761912461958433), ('آخری', 0.9761912461958433), ('رسومات', 0.9761912461958433), ('سرکاری', 0.9761912461958433), ('اعزاز', 0.9761912461958433), ('کے', 0.9761912461958433), ('ساتھ', 0.9761912461958433), ('ادا', 0.9761912461958433), ('کی', 0.9761912461958433), ('جائیں', 0.9761912461958433), ('گی', 0.9761912461958433)]","[('سری', 0.8600798178660242), ('دیوی', 0.8600798178660242), ('کی', 0.8600798178660242), ('آخری', 0.8600798178660242), ('رسومات', 0.8600798178660242), ('سرکاری', 0.8600798178660242), ('اعزاز', 0.8600798178660242), ('کے', 0.8600798178660242), ('ساتھ', 0.8600798178660242), ('ادا', 0.8600798178660242), ('تھی', 0.8600798178660242), ('جائیں', 0.8600798178660242), ('گی۔', 0.8600798178660242)]","[('سری', 0.973003625869751), ('ڈےری', 0.973003625869751), ('کی', 0.973003625869751), ('آخری', 0.973003625869751), ('رسصمہت', 0.973003625869751), ('سرکاری', 0.973003625869751), ('احضاس', 0.973003625869751), ('کے', 0.973003625869751), ('ساتھ', 0.973003625869751), ('عدات', 0.973003625869751), ('لی', 0.973003625869751), ('جائیں', 0.973003625869751), ('گی', 0.973003625869751)]","[('سری', 0.7987821706243463), ('دیوی', 0.7987821706243463), ('کی', 0.7987821706243463), ('آخری', 0.7987821706243463), ('رسومات', 0.7987821706243463), ('سرکاری', 0.7987821706243463), ('عزاز', 0.7987821706243463), ('کے', 0.7987821706243463), ('ساتھ', 0.7987821706243463), ('اداتی', 0.7987821706243463), ('جائیں', 0.7987821706243463), ('گی۔', 0.7987821706243463)]",سری ڈیوی کی آخری رسومات سرکاری اعزاز کے ساتھ ادا کی جائیں گی۔,0.1538461538461538
common_voice_ur_31968427.mp3,بینی,"[('بینی', 0.8096932023763657)]","[('بینی', 0.7710543125867844)]","[('بیمی', 0.9994937181472778)]","[('بینی', 0.7823621928691864)]",بینی,0.0
common_voice_ur_38476160.mp3,دنیا کا اشارہ تھا لیکن سمجھا نہ اشارا، دل ہی تو ہے,"[('دنیا', 0.9973903397719065), ('کا', 0.9973903397719065), ('اشارہ', 0.9973903397719065), ('تھا', 0.9973903397719065), ('لیکن', 0.9973903397719065), ('سمجھانا', 0.9973903397719065), ('اشارہ', 0.9973903397719065), ('دل', 0.9973903397719065), ('ہی', 0.9973903397719065), ('تو', 0.9973903397719065), ('ہے', 0.9973903397719065)]","[('دنیا', 0.9377447505791981), ('کا', 0.9377447505791981), ('اشارہ', 0.9377447505791981), ('تھا', 0.9377447505791981), ('لیکن', 0.9377447505791981), ('سمجھانا', 0.9377447505791981), ('اشارہ', 0.9377447505791981), ('دل', 0.9377447505791981), ('ہی', 0.9377447505791981), ('تو', 0.9377447505791981), ('ہے', 0.9377447505791981)]","[('دنیا', 0.9832077622413635), ('کا', 0.9832077622413635), ('ایشارہ', 0.9832077622413635), ('تھا', 0.9832077622413635), ('لیکن', 0.9832077622413635), ('سمجھانا', 0.9832077622413635), ('اشارا', 0.9832077622413635), ('دل', 0.9832077622413635), ('ہی', 0.9832077622413635), ('تو', 0.9832077622413635), ('ہے', 0.9832077622413635)]","[('دنیا', 0.9148187081019084), ('کا', 0.9148187081019084), ('اشارہ', 0.9148187081019084), ('تھا', 0.9148187081019084), ('لیکن', 0.9148187081019084), ('سمجھانا', 0.9148187081019084), ('اشارہ', 0.9148187081019084), ('دل', 0.9148187081019084), ('ہی', 0.9148187081019084), ('تو', 0.9148187081019084), ('ہے', 0.9148187081019084)]",دنیا کا اشارہ تھا لیکن دل ہی تو ہے۔,0.3333333333333333
common_voice_ur_31984215.mp3,دبئی ٹیسٹ سنچری پر متنازع ٹوئٹ بابر اعظم غصہ میں اگئے,"[('دبئی', 0.8861991479992867), ('ٹیسٹ', 0.8861991479992867), ('سنچری', 0.8861991479992867), ('پر', 0.8861991479992867), ('تنازحہ', 0.8861991479992867), ('ٹوئٹ', 0.8861991479992867), ('بابر', 0.8861991479992867), ('آزم', 0.8861991479992867), ('غصے', 0.8861991479992867), ('میں', 0.8861991479992867), ('آگے۔', 0.8861991479992867)]","[('دبائی', 0.7530499705246516), ('تسٹ', 0.7530499705246516), ('سنچری', 0.7530499705246516), ('پر', 0.7530499705246516), ('متنازیہ', 0.7530499705246516), ('تویٹ', 0.7530499705246516), ('بابا', 0.7530499705246516), ('رازم', 0.7530499705246516), ('پسے', 0.7530499705246516), ('میں', 0.7530499705246516), ('آگے', 0.7530499705246516)]","[('دبئی', 0.9715177416801453), ('ٹیسٹ', 0.9715177416801453), ('سنچری', 0.9715177416801453), ('پر', 0.9715177416801453), ('متنازیہ', 0.9715177416801453), ('ٹوئیٹ', 0.9715177416801453), ('بابر', 0.9715177416801453), ('ازم', 0.9715177416801453), ('غوسے', 0.9715177416801453), ('میں', 0.9715177416801453), ('آں', 0.9715177416801453), ('گے', 0.9715177416801453)]","[('دبائی', 0.7076272784899442), ('ٹسٹ', 0.7076272784899442), ('سنجری', 0.7076272784899442), ('پر', 0.7076272784899442), ('مطنازیہ', 0.7076272784899442), ('ٹویٹ', 0.7076272784899442), ('بابر', 0.7076272784899442), ('آزم', 0.7076272784899442), ('قصہ', 0.7076272784899442), ('میں', 0.7076272784899442), ('آگے', 0.7076272784899442)]",دبئی ٹیسٹ سنچری پر تنازحہ ٹوئٹ بابر آزم غصے میں آگے۔,0.3636363636363636
common_voice_ur_38414728.mp3,ہمیں جتنی ضرورت ہو خدا سے مانگ لیتے ہیں,"[('ہمیں', 0.985879456003507), ('جتنی', 0.985879456003507), ('ضرورت', 0.985879456003507), ('ہو', 0.985879456003507), ('خدا', 0.985879456003507), ('سے', 0.985879456003507), ('مانگ', 0.985879456003507), ('لیتے', 0.985879456003507), ('ہیں', 0.985879456003507)]","[('ہمیں', 0.8626852152140244), ('جتنی', 0.8626852152140244), ('ضرورت', 0.8626852152140244), ('ہو', 0.8626852152140244), ('خدا', 0.8626852152140244), ('سے', 0.8626852152140244), ('مانگ', 0.8626852152140244), ('لتے', 0.8626852152140244), ('ہیں', 0.8626852152140244)]","[('ہم', 0.9708554148674011), ('ایں', 0.9708554148674011), ('جتنی', 0.9708554148674011), ('ضرورت', 0.9708554148674011), ('ہو', 0.9708554148674011), ('خدا', 0.9708554148674011), ('سے', 0.9708554148674011), ('عماک', 0.9708554148674011), ('لیتے', 0.9708554148674011), ('ہیں', 0.9708554148674011)]","[('ہمیں', 0.8679609039555425), ('جتنی', 0.8679609039555425), ('ضرورت', 0.8679609039555425), ('ہو', 0.8679609039555425), ('خدا', 0.8679609039555425), ('سے', 0.8679609039555425), ('ماغلتے', 0.8679609039555425), ('ہیں', 0.8679609039555425)]",ہمیں جتنی ضرورت ہو خدا سے مانگ لیتے ہیں۔,0.0
common_voice_ur_31986230.mp3,تیرا احسان ہے جس پر چاہے کردے,"[('تیرا', 0.9882306277751922), ('احسان', 0.9882306277751922), ('ہے', 0.9882306277751922), ('جس', 0.9882306277751922), ('پر', 0.9882306277751922), ('چاہے', 0.9882306277751922), ('کر', 0.9882306277751922), ('دے', 0.9882306277751922)]","[('تیرہ', 0.8700293075470698), ('احسان', 0.8700293075470698), ('ہے', 0.8700293075470698), ('جس', 0.8700293075470698), ('پر', 0.8700293075470698), ('چاہے', 0.8700293075470698), ('کر', 0.8700293075470698), ('دے', 0.8700293075470698)]","[('تیرا', 0.9749495387077332), ('احسان', 0.9749495387077332), ('ہے', 0.9749495387077332), ('جس', 0.9749495387077332), ('فہ', 0.9749495387077332), ('چاہے', 0.9749495387077332), ('کائر', 0.9749495387077332), ('دے', 0.9749495387077332)]","[('تیرا', 0.8539074301719666), ('احسان', 0.8539074301719666), ('ہے', 0.8539074301719666), ('جس', 0.8539074301719666), ('پر', 0.8539074301719666), ('چاہے', 0.8539074301719666), ('کر', 0.8539074301719666), ('دے', 0.8539074301719666)]",تیرا احسان ہے جس پر چاہے کر دے۔,0.2857142857142857
common_voice_ur_38435329.mp3,ہمیں بھی اس کا بہت نقصان ہے۔,"[('ہمیں', 0.9739843383431435), ('بھی', 0.9739843383431435), ('اس', 0.9739843383431435), ('کا', 0.9739843383431435), ('بہت', 0.9739843383431435), ('نقصان', 0.9739843383431435), ('ہے', 0.9739843383431435)]","[('ہمیں', 0.8093386152759194), ('بھی', 0.8093386152759194), ('اس', 0.8093386152759194), ('کا', 0.8093386152759194), ('بہت', 0.8093386152759194), ('نتصان', 0.8093386152759194), ('ہے', 0.8093386152759194)]","[('ہمعیبھی', 0.9744965434074402), ('اس', 0.9744965434074402), ('کا', 0.9744965434074402), ('بود', 0.9744965434074402), ('مقصاہ', 0.9744965434074402), ('نیں', 0.9744965434074402)]","[('ہمیں', 0.6911663448109346), ('بیس', 0.6911663448109346), ('کا', 0.6911663448109346), ('بہت', 0.6911663448109346), ('نوٹسان', 0.6911663448109346), ('ہے', 0.6911663448109346)]",ہمیں بھی اس کا بہت نقصان ہے۔,0.1428571428571428
common_voice_ur_38443749.mp3,اندرونی محاذ پہ بھی نئی سوچ اور اس سے پیدا نئی راہیں کہیں کارفرما نہ ہو سکیں۔,"[('اندرونی', 0.9550439058379694), ('محاذ', 0.9550439058379694), ('پہ', 0.9550439058379694), ('بھی', 0.9550439058379694), ('نئی', 0.9550439058379694), ('سوچ', 0.9550439058379694), ('اور', 0.9550439058379694), ('اس', 0.9550439058379694), ('سے', 0.9550439058379694), ('پیدا', 0.9550439058379694), ('نئی', 0.9550439058379694), ('راہیں', 0.9550439058379694), ('کہیں', 0.9550439058379694), ('کار', 0.9550439058379694), ('فرما', 0.9550439058379694), ('نہ', 0.9550439058379694), ('ہو', 0.9550439058379694), ('سکیں', 0.9550439058379694)]","[('اندرونی', 0.8707915671169758), ('محاضر', 0.8707915671169758), ('پہ', 0.8707915671169758), ('بھی', 0.8707915671169758), ('نہیں', 0.8707915671169758), ('سوچ', 0.8707915671169758), ('اور', 0.8707915671169758), ('اس', 0.8707915671169758), ('سے', 0.8707915671169758), ('پیدا', 0.8707915671169758), ('نہیں', 0.8707915671169758), ('راہیں', 0.8707915671169758), ('کہیں', 0.8707915671169758), ('کر', 0.8707915671169758), ('فرما', 0.8707915671169758), ('نہ', 0.8707915671169758), ('ہو', 0.8707915671169758), ('سکیں', 0.8707915671169758)]","[('اندرونی', 0.9810001850128174), ('محاز', 0.9810001850128174), ('پہبھی', 0.9810001850128174), ('نئی', 0.9810001850128174), ('سوچھ', 0.9810001850128174), ('اور', 0.9810001850128174), ('عسے', 0.9810001850128174), ('پیدا', 0.9810001850128174), ('نئی', 0.9810001850128174), ('راہیں', 0.9810001850128174), ('کہیں', 0.9810001850128174), ('کافرمان', 0.9810001850128174), ('نا', 0.9810001850128174), ('ہوسکیں', 0.9810001850128174)]","[('اندرونی', 0.818507180764125), ('محاج', 0.818507180764125), ('پہ', 0.818507180764125), ('بھی', 0.818507180764125), ('نہیں', 0.818507180764125), ('سوچ', 0.818507180764125), ('اور', 0.818507180764125), ('اس', 0.818507180764125), ('سے', 0.818507180764125), ('پیدا', 0.818507180764125), ('نہیں', 0.818507180764125), ('رہے', 0.818507180764125), ('کہیں', 0.818507180764125), ('کار', 0.818507180764125), ('فرما', 0.818507180764125), ('نہ', 0.818507180764125), ('ہو', 0.818507180764125), ('سکیں', 0.818507180764125)]",اندرونی محاذ پہ بھی نئی سوچ اور اس سے پیدا نئی راہیں کہیں عشق فرما نہ ہو سکیں۔,0.1764705882352941
common_voice_ur_31966690.mp3,شاہد کپور فلم ’کبیر سنگھ‘ کی شوٹنگ,"[('شاہد', 0.9505471040805181), ('کپور', 0.9505471040805181), ('فلم', 0.9505471040805181), ('کبیر', 0.9505471040805181), ('سنگھ', 0.9505471040805181), ('کی', 0.9505471040805181), ('شوٹنگ', 0.9505471040805181)]","[('شاید', 0.86751853901407), ('کپور', 0.86751853901407), ('فلم', 0.86751853901407), ('کبیر', 0.86751853901407), ('سنگ', 0.86751853901407), ('کی', 0.86751853901407), ('شوٹنگ', 0.86751853901407)]","[('ششائد', 0.9786369800567627), ('کپور', 0.9786369800567627), ('فلم', 0.9786369800567627), ('کبھیر', 0.9786369800567627), ('سگ', 0.9786369800567627), ('تی', 0.9786369800567627), ('شٹن', 0.9786369800567627)]","[('شاید', 0.7628653088341588), ('کپور', 0.7628653088341588), ('فلم', 0.7628653088341588), ('کبیر', 0.7628653088341588), ('سنگ', 0.7628653088341588), ('کی', 0.7628653088341588), ('شوٹنگ', 0.7628653088341588)]",شاہد کپور فلم کبیر سنگھ کی شوٹنگ۔,0.2857142857142857
common_voice_ur_38498840.mp3,شمالی نصف کرہ میں اس مہینے میں سردی کا موسم ہوتا ہے,"[('اس', 0.8844895458221436), ('قرآن', 0.8844895458221436), ('میں', 0.8844895458221436), ('اس', 0.8844895458221436), ('مہینے', 0.8844895458221436), ('میں', 0.8844895458221436), ('سبزی', 0.8844895458221436), ('کا', 0.8844895458221436), ('موسم', 0.8844895458221436), ('ہوتا', 0.8844895458221436), ('ہے', 0.8844895458221436)]","[('سوران', 0.7543619346359501), ('میں', 0.7543619346359501), ('اس', 0.7543619346359501), ('مہینے', 0.7543619346359501), ('میں', 0.7543619346359501), ('سوچی', 0.7543619346359501), ('کا', 0.7543619346359501), ('موسم', 0.7543619346359501), ('ہوتا', 0.7543619346359501), ('ہے', 0.7543619346359501)]","[('توراننے', 0.9586995244026184), ('اس', 0.9586995244026184), ('مہیگنگسورتی', 0.9586995244026184), ('کا', 0.9586995244026184), ('موسم', 0.9586995244026184), ('ہوتا', 0.9586995244026184), ('ا', 0.9586995244026184)]","[('توران', 0.6966928761938344), ('نے', 0.6966928761938344), ('اس', 0.6966928761938344), ('مہینے', 0.6966928761938344), ('میں', 0.6966928761938344), ('سبتی', 0.6966928761938344), ('کا', 0.6966928761938344), ('موسم', 0.6966928761938344), ('ہوتا', 0.6966928761938344), ('ہے', 0.6966928761938344)]",اس قرآن میں اس مہینے میں سبزی کا موسم ہوتا ہے۔,0.3333333333333333
common_voice_ur_41121681.mp3,پاکستان میں سیاسی استحکام کے لئے ضروری ہے,"[('اکستان', 0.8958566703579642), ('میں', 0.8958566703579642), ('سیاسی', 0.8958566703579642), ('استقام', 0.8958566703579642), ('کے', 0.8958566703579642), ('لئے', 0.8958566703579642), ('ضروری', 0.8958566703579642), ('ہے', 0.8958566703579642)]","[('اکستان', 0.8668659383600409), ('میں', 0.8668659383600409), ('سیاسی', 0.8668659383600409), ('استقام', 0.8668659383600409), ('کیلئے', 0.8668659383600409), ('ضروری', 0.8668659383600409), ('ہے', 0.8668659383600409)]","[('پاکستان', 0.9811162948608398), ('میں', 0.9811162948608398), ('سیاسیر', 0.9811162948608398), ('اجتقار', 0.9811162948608398), ('کے', 0.9811162948608398), ('لیے', 0.9811162948608398), ('جنوری', 0.9811162948608398), ('ہے', 0.9811162948608398)]","[('اکستان', 0.636167917251587), ('میں', 0.636167917251587), ('سیاسی', 0.636167917251587), ('استکام', 0.636167917251587), ('پیر', 0.636167917251587), ('لیے', 0.636167917251587), ('ضروری', 0.636167917251587), ('ہے', 0.636167917251587)]",اکستان میں سیاسی استقام کے لئے ضروری ہے۔,0.25
common_voice_ur_38437426.mp3,تو پاکستان کی نمائندگی وہاں ہونی کیا تھی؟,"[('تو', 0.9977641344070435), ('پاکستان', 0.9977641344070435), ('کی', 0.9977641344070435), ('نمائندگی', 0.9977641344070435), ('وہاں', 0.9977641344070435), ('ہونی', 0.9977641344070435), ('کیا', 0.9977641344070435), ('تھی؟', 0.9977641344070435)]","[('تو', 0.9550793552398682), ('پاکستان', 0.9550793552398682), ('کی', 0.9550793552398682), ('نمائندگی', 0.9550793552398682), ('وہاں', 0.9550793552398682), ('ہونی', 0.9550793552398682), ('کیا', 0.9550793552398682), ('تھی؟', 0.9550793552398682)]","[('تو', 0.9831414818763733), ('پاکستان', 0.9831414818763733), ('کی', 0.9831414818763733), ('نمائندگی', 0.9831414818763733), ('وہاں', 0.9831414818763733), ('ہونی', 0.9831414818763733), ('کیا', 0.9831414818763733), ('تھی', 0.9831414818763733)]","[('تو', 0.9042974972724914), ('پاکستان', 0.9042974972724914), ('کی', 0.9042974972724914), ('نمائندگی', 0.9042974972724914), ('وہاں', 0.9042974972724914), ('ہونی', 0.9042974972724914), ('کیا', 0.9042974972724914), ('تھی؟', 0.9042974972724914)]",تو پاکستان کی نمائندگی وہاں ہونی کیا تھی؟۔,0.0
common_voice_ur_41172685.mp3,منہ الیاس اور داور محمود نے شادی کی خبروں پر وضاحت کردی,"[('مو', 0.9577350993951161), ('علیاس', 0.9577350993951161), ('اور', 0.9577350993951161), ('داور', 0.9577350993951161), ('محمود', 0.9577350993951161), ('نے', 0.9577350993951161), ('شادی', 0.9577350993951161), ('کی', 0.9577350993951161), ('خبروں', 0.9577350993951161), ('پر', 0.9577350993951161), ('وضاحت', 0.9577350993951161), ('کر', 0.9577350993951161), ('دی', 0.9577350993951161)]","[('مو', 0.8863108436266581), ('علیاس', 0.8863108436266581), ('اور', 0.8863108436266581), ('داور', 0.8863108436266581), ('محمود', 0.8863108436266581), ('نے', 0.8863108436266581), ('شادی', 0.8863108436266581), ('کی', 0.8863108436266581), ('خبروں', 0.8863108436266581), ('پر', 0.8863108436266581), ('وضاحت', 0.8863108436266581), ('کر', 0.8863108436266581), ('دی', 0.8863108436266581)]","[('من', 0.9817695617675781), ('علیاس', 0.9817695617675781), ('اور', 0.9817695617675781), ('داور', 0.9817695617675781), ('محمود', 0.9817695617675781), ('نے', 0.9817695617675781), ('شادی', 0.9817695617675781), ('کی', 0.9817695617675781), ('خبروں', 0.9817695617675781), ('پر', 0.9817695617675781), ('وضاحد', 0.9817695617675781), ('کردی', 0.9817695617675781)]","[('مو', 0.8520248472690582), ('علیاس', 0.8520248472690582), ('اور', 0.8520248472690582), ('داور', 0.8520248472690582), ('محمود', 0.8520248472690582), ('نے', 0.8520248472690582), ('شادی', 0.8520248472690582), ('کی', 0.8520248472690582), ('خبروں', 0.8520248472690582), ('پر', 0.8520248472690582), ('وزاحت', 0.8520248472690582), ('کر', 0.8520248472690582), ('دی', 0.8520248472690582)]",مو علیاس اور داور محمود نے شادی کی خبروں پر وضاحت کر دی۔,0.3333333333333333
common_voice_ur_41161579.mp3,دیرپا منصوبہ بندی ہم نے اس ملک میں تقریبا ختم کر دی ہے۔,"[('دیرپا', 0.9282642641375142), ('منصوبہ', 0.9282642641375142), ('بندی', 0.9282642641375142), ('ہم', 0.9282642641375142), ('نے', 0.9282642641375142), ('اس', 0.9282642641375142), ('ملک', 0.9282642641375142), ('میں', 0.9282642641375142), ('تقریبا', 0.9282642641375142), ('ختم', 0.9282642641375142), ('کر', 0.9282642641375142), ('دی', 0.9282642641375142)]","[('دیرپا', 0.813356664776802), ('منصوبندی', 0.813356664776802), ('ہم', 0.813356664776802), ('نے', 0.813356664776802), ('اس', 0.813356664776802), ('ملک', 0.813356664776802), ('میں', 0.813356664776802), ('تقریب', 0.813356664776802), ('نہ', 0.813356664776802), ('ختم', 0.813356664776802), ('کر', 0.813356664776802), ('دی', 0.813356664776802)]","[('دیرپا', 0.9834200739860535), ('بندیرپا', 0.9834200739860535), ('منصوح', 0.9834200739860535), ('بندی', 0.9834200739860535), ('ہم', 0.9834200739860535), ('نے', 0.9834200739860535), ('اس', 0.9834200739860535), ('ملک', 0.9834200739860535), ('میں', 0.9834200739860535), ('تقریب', 0.9834200739860535), ('نا', 0.9834200739860535), ('ختم', 0.9834200739860535), ('کردی', 0.9834200739860535)]","[('دیر', 0.7665749466226947), ('پا', 0.7665749466226947), ('منصوبا', 0.7665749466226947), ('بندی', 0.7665749466226947), ('ہم', 0.7665749466226947), ('نے', 0.7665749466226947), ('اس', 0.7665749466226947), ('ملک', 0.7665749466226947), ('میں', 0.7665749466226947), ('تقریبا', 0.7665749466226947), ('ختم', 0.7665749466226947), ('کر', 0.7665749466226947), ('دی', 0.7665749466226947)]",دیرپا منصوبہ بندی ہم نے اس ملک میں تقریبا ختم کر دی۔,0.0769230769230769
common_voice_ur_41124774.mp3,ہر رونما ہونے والے حادثے کو ہم ہندو سازش قرار دیتے ہیں۔,"[('ہر', 0.9469085652381182), ('رونما', 0.9469085652381182), ('ہونے', 0.9469085652381182), ('والے', 0.9469085652381182), ('حادثے', 0.9469085652381182), ('کو', 0.9469085652381182), ('ہم', 0.9469085652381182), ('ہندو', 0.9469085652381182), ('سازش', 0.9469085652381182), ('قرار', 0.9469085652381182), ('دیتے', 0.9469085652381182), ('ہیں', 0.9469085652381182)]","[('ہر', 0.7747966656461358), ('رونوما', 0.7747966656461358), ('ہونے', 0.7747966656461358), ('والے', 0.7747966656461358), ('حایت', 0.7747966656461358), ('سے', 0.7747966656461358), ('ہم', 0.7747966656461358), ('ہندو', 0.7747966656461358), ('سازش', 0.7747966656461358), ('کرار', 0.7747966656461358), ('دیتے', 0.7747966656461358), ('ہیں', 0.7747966656461358)]","[('ہررون', 0.9537495970726013), ('ماہونے', 0.9537495970726013), ('والے', 0.9537495970726013), ('ہاسے', 0.9537495970726013), ('کو', 0.9537495970726013), ('ہم', 0.9537495970726013), ('ہندو', 0.9537495970726013), ('ساضی', 0.9537495970726013), ('شکرار', 0.9537495970726013), ('دیتے', 0.9537495970726013), ('ہیں', 0.9537495970726013)]","[('ہر', 0.7284700917700927), ('رون', 0.7284700917700927), ('مہونے', 0.7284700917700927), ('والے', 0.7284700917700927), ('حصے', 0.7284700917700927), ('کو', 0.7284700917700927), ('ہم', 0.7284700917700927), ('ہندو', 0.7284700917700927), ('سازش', 0.7284700917700927), ('کرار', 0.7284700917700927), ('دیتے', 0.7284700917700927), ('ہیں', 0.7284700917700927)]",ہر رونما ہونے والے حادثے کو ہم ہندو سازش قرار دیتے ہیں۔,0.0833333333333333
common_voice_ur_32011451.mp3,باتیں سنیں تو آسمانوں کی کرتے ہیں۔,"[('باتیں', 0.9406732443500968), ('سنیں', 0.9406732443500968), ('تو', 0.9406732443500968), ('اسمانوں', 0.9406732443500968), ('کی', 0.9406732443500968), ('کرتے', 0.9406732443500968), ('ہیں', 0.9406732443500968)]","[('باتیں', 0.8628795409903807), ('سنے', 0.8628795409903807), ('تو', 0.8628795409903807), ('اسمانوں', 0.8628795409903807), ('کی', 0.8628795409903807), ('کرتے', 0.8628795409903807), ('ہیں', 0.8628795409903807)]","[('باتیں', 0.9872283935546875), ('سنے', 0.9872283935546875), ('تو', 0.9872283935546875), ('آسمانوں', 0.9872283935546875), ('کی', 0.9872283935546875), ('کرتے', 0.9872283935546875), ('ہیں', 0.9872283935546875)]","[('باتیں', 0.8197140115148881), ('سنے', 0.8197140115148881), ('تو', 0.8197140115148881), ('آسمانوں', 0.8197140115148881), ('کی', 0.8197140115148881), ('کرتے', 0.8197140115148881), ('ہیں', 0.8197140115148881)]",باتیں سنیں تو اسمانوں کی کرتے ہیں۔,0.2857142857142857
common_voice_ur_41140699.mp3,میں ناشتہ بنانے ہی والا ہوں,"[('میں', 0.974162737528483), ('ناشتہ', 0.974162737528483), ('بنانے', 0.974162737528483), ('ہی', 0.974162737528483), ('والا', 0.974162737528483), ('ہوں', 0.974162737528483)]","[('میں', 0.8564383367697398), ('ناشطہ', 0.8564383367697398), ('بنانے', 0.8564383367697398), ('ہی', 0.8564383367697398), ('والا', 0.8564383367697398), ('ہوں', 0.8564383367697398)]","[('بیں', 0.9834942817687988), ('اشٹا', 0.9834942817687988), ('بنانے', 0.9834942817687988), ('ہی', 0.9834942817687988), ('والا', 0.9834942817687988), ('ہوں', 0.9834942817687988)]","[('میں', 0.801384154955546), ('ناشتہ', 0.801384154955546), ('بنانی', 0.801384154955546), ('ہی', 0.801384154955546), ('والا', 0.801384154955546), ('ہوں', 0.801384154955546)]",میں ناشتہ بنانے ہی والا ہوں۔,0.0
common_voice_ur_41160395.mp3,اخلاقی اقدار کو معاشرے میں فروغ دینا ضروری ہے,"[('اخلاقی', 0.9674270351727804), ('اقتدار', 0.9674270351727804), ('کو', 0.9674270351727804), ('معاشرے', 0.9674270351727804), ('میں', 0.9674270351727804), ('فروغ', 0.9674270351727804), ('دینا', 0.9674270351727804), ('ضروری', 0.9674270351727804), ('ہے', 0.9674270351727804)]","[('اخلاقی', 0.8875584006309509), ('اقتدار', 0.8875584006309509), ('کو', 0.8875584006309509), ('معاشے', 0.8875584006309509), ('میں', 0.8875584006309509), ('فروغ', 0.8875584006309509), ('دینا', 0.8875584006309509), ('ضروری', 0.8875584006309509), ('ہے', 0.8875584006309509)]","[('اخلاقی', 0.9759054780006409), ('اتدار', 0.9759054780006409), ('کو', 0.9759054780006409), ('معشے', 0.9759054780006409), ('میں', 0.9759054780006409), ('فروخ', 0.9759054780006409), ('دینا', 0.9759054780006409), ('زروری', 0.9759054780006409), ('ہے', 0.9759054780006409)]","[('اخلاقی', 0.7562066809489176), ('اقتدار', 0.7562066809489176), ('کو', 0.7562066809489176), ('معاشے', 0.7562066809489176), ('میں', 0.7562066809489176), ('فروح', 0.7562066809489176), ('دینہ', 0.7562066809489176), ('ضروری', 0.7562066809489176), ('ہے', 0.7562066809489176)]",اخلاقی اقتدار کو معاشرے میں فروغ دینا ضروری ہے۔,0.1111111111111111
common_voice_ur_38462711.mp3,حبابِ موجہٴ رفتار ہے نقشِ قدم میرا,"[('ابابِ', 0.8941487729549408), ('موجہِ', 0.8941487729549408), ('رفتار', 0.8941487729549408), ('ہے', 0.8941487729549408), ('نقش', 0.8941487729549408), ('قدم', 0.8941487729549408), ('میرا', 0.8941487729549408)]","[('ایران', 0.19493761658668518)]","[('حبابے', 0.9766747355461121), ('مجاہے', 0.9766747355461121), ('رفتاں', 0.9766747355461121), ('ہے', 0.9766747355461121), ('نکش', 0.9766747355461121), ('قدم', 0.9766747355461121), ('ہرا', 0.9766747355461121)]","[('ابابِ', 0.6509865716099739), ('موجہ', 0.6509865716099739), ('رفتار', 0.6509865716099739), ('ہے', 0.6509865716099739), ('نکشِ', 0.6509865716099739), ('قدم', 0.6509865716099739), ('میرا', 0.6509865716099739)]",ابابِ موجہِ رفتار ہے نقش قدم میرا۔,0.4285714285714285
common_voice_ur_31988976.mp3,کہ اگرغیر مجاز افراد سے صادر ہونے والے فیصلوں کو نافذ کرنے کی کوشش کی جائے,"[('کہ', 0.9833737362262814), ('اگر', 0.9833737362262814), ('غیر', 0.9833737362262814), ('مجاز', 0.9833737362262814), ('افراد', 0.9833737362262814), ('سے', 0.9833737362262814), ('صادر', 0.9833737362262814), ('ہونے', 0.9833737362262814), ('والے', 0.9833737362262814), ('فیصلوں', 0.9833737362262814), ('کو', 0.9833737362262814), ('نافذ', 0.9833737362262814), ('کرنے', 0.9833737362262814), ('کی', 0.9833737362262814), ('کوشش', 0.9833737362262814), ('کی', 0.9833737362262814), ('جائے', 0.9833737362262814)]","[('کہ', 0.9308470570763876), ('اگر', 0.9308470570763876), ('غیر', 0.9308470570763876), ('مجاز', 0.9308470570763876), ('افراد', 0.9308470570763876), ('سے', 0.9308470570763876), ('صادر', 0.9308470570763876), ('ہونے', 0.9308470570763876), ('والے', 0.9308470570763876), ('فیصلوں', 0.9308470570763876), ('کو', 0.9308470570763876), ('نافذ', 0.9308470570763876), ('کرنے', 0.9308470570763876), ('کی', 0.9308470570763876), ('کوشش', 0.9308470570763876), ('کی', 0.9308470570763876), ('جائے', 0.9308470570763876)]","[('کہ', 0.9779854416847229), ('اگر', 0.9779854416847229), ('غیر', 0.9779854416847229), ('مجاز', 0.9779854416847229), ('افراد', 0.9779854416847229), ('سے', 0.9779854416847229), ('سادر', 0.9779854416847229), ('ہونے', 0.9779854416847229), ('والے', 0.9779854416847229), ('فیصلوں', 0.9779854416847229), ('کو', 0.9779854416847229), ('نافص', 0.9779854416847229), ('کرنے', 0.9779854416847229), ('کی', 0.9779854416847229), ('کوشش', 0.9779854416847229), ('کی', 0.9779854416847229), ('جائے', 0.9779854416847229)]","[('کہ', 0.9061904369398605), ('اگر', 0.9061904369398605), ('غیر', 0.9061904369398605), ('مجاز', 0.9061904369398605), ('افراد', 0.9061904369398605), ('سے', 0.9061904369398605), ('سادر', 0.9061904369398605), ('ہونے', 0.9061904369398605), ('والے', 0.9061904369398605), ('فیصلوں', 0.9061904369398605), ('کو', 0.9061904369398605), ('نافس', 0.9061904369398605), ('کرنے', 0.9061904369398605), ('کی', 0.9061904369398605), ('کوشش', 0.9061904369398605), ('کی', 0.9061904369398605), ('جائے', 0.9061904369398605)]",کہ اگر غیر مجاز افراد سے صادر ہونے والے فیصلوں کو نافذ کرنے کی کوشش کی جائے۔,0.125
common_voice_ur_41145960.mp3,اتنا بڑا سیٹھ‘ اور کیا کرتے ہوئے پکڑا گیا۔,"[('اتنا', 0.9969834813049862), ('بڑا', 0.9969834813049862), ('سیٹ', 0.9969834813049862), ('اور', 0.9969834813049862), ('کیا', 0.9969834813049862), ('کرتے', 0.9969834813049862), ('ہوئے', 0.9969834813049862), ('پکڑا', 0.9969834813049862), ('گیا؟', 0.9969834813049862)]","[('اتنا', 0.9533347575752823), ('بڑا', 0.9533347575752823), ('سیٹ', 0.9533347575752823), ('اور', 0.9533347575752823), ('کیا', 0.9533347575752823), ('کرتے', 0.9533347575752823), ('ہوئے', 0.9533347575752823), ('پکڑا', 0.9533347575752823), ('گیا', 0.9533347575752823)]","[('اتنا', 0.9819391965866089), ('بھڑا', 0.9819391965866089), ('صیٹھ', 0.9819391965866089), ('اور', 0.9819391965866089), ('کھا', 0.9819391965866089), ('کرتے', 0.9819391965866089), ('ہوئے', 0.9819391965866089), ('پکھڑا', 0.9819391965866089), ('گیا', 0.9819391965866089)]","[('اتنا', 0.907897326681349), ('بڑا', 0.907897326681349), ('سیٹ', 0.907897326681349), ('اور', 0.907897326681349), ('کیا', 0.907897326681349), ('کرتے', 0.907897326681349), ('ہوئے', 0.907897326681349), ('پکڑا', 0.907897326681349), ('گیا', 0.907897326681349)]",اتنا بڑا سیٹ اور کیا کرتے ہوئے پکڑا گیا؟۔,0.2222222222222222
common_voice_ur_32432661.mp3,کہ لطف بے تحاشا رفتن قاتل پسند آیا,"[('کہ', 0.9692168728165005), ('لطف', 0.9692168728165005), ('بے', 0.9692168728165005), ('تہاشا', 0.9692168728165005), ('رفتن', 0.9692168728165005), ('قاتل', 0.9692168728165005), ('پسند', 0.9692168728165005), ('آیا', 0.9692168728165005)]","[('کہ', 0.8812164832716403), ('لطف', 0.8812164832716403), ('بے', 0.8812164832716403), ('تحاشا', 0.8812164832716403), ('رفتن', 0.8812164832716403), ('قاتل', 0.8812164832716403), ('پسند', 0.8812164832716403), ('آیا', 0.8812164832716403)]","[('کی', 0.9821087718009949), ('لطف', 0.9821087718009949), ('بے', 0.9821087718009949), ('تہاشیا', 0.9821087718009949), ('رفتن', 0.9821087718009949), ('قاتل', 0.9821087718009949), ('پسند', 0.9821087718009949), ('آیا', 0.9821087718009949)]","[('کہ', 0.7007168717682362), ('لُتف', 0.7007168717682362), ('بی', 0.7007168717682362), ('تحاشہ', 0.7007168717682362), ('رفتن', 0.7007168717682362), ('قاتل', 0.7007168717682362), ('پسند', 0.7007168717682362), ('آیا', 0.7007168717682362)]",کہ لطف بے تہاشا رفتن قاتل پسند آیا۔,0.125
common_voice_ur_41108787.mp3,اگر وزیر اعظم عمران خان نے ایسے لوگوں سے مشور ہ کرنا ہے۔,"[('اگر', 0.9594839801711421), ('وزیر', 0.9594839801711421), ('آزم', 0.9594839801711421), ('عمران', 0.9594839801711421), ('خان', 0.9594839801711421), ('نے', 0.9594839801711421), ('ایسے', 0.9594839801711421), ('لوگوں', 0.9594839801711421), ('سے', 0.9594839801711421), ('مشورہ', 0.9594839801711421), ('کرنا', 0.9594839801711421), ('ہے', 0.9594839801711421)]","[('اگر', 0.9463676252672749), ('وزیراعظم', 0.9463676252672749), ('امران', 0.9463676252672749), ('خان', 0.9463676252672749), ('نے', 0.9463676252672749), ('ایسے', 0.9463676252672749), ('لوگوں', 0.9463676252672749), ('سے', 0.9463676252672749), ('مشورہ', 0.9463676252672749), ('کرنا', 0.9463676252672749), ('ہے', 0.9463676252672749)]","[('اگر', 0.9808682203292847), ('وزیر', 0.9808682203292847), ('اعظم', 0.9808682203292847), ('عمران', 0.9808682203292847), ('خانے', 0.9808682203292847), ('ایسے', 0.9808682203292847), ('لوگوں', 0.9808682203292847), ('سے', 0.9808682203292847), ('مشورہ', 0.9808682203292847), ('کرنا', 0.9808682203292847), ('ہے', 0.9808682203292847)]","[('اگر', 0.8319580083893191), ('وزیر', 0.8319580083893191), ('عظم', 0.8319580083893191), ('امران', 0.8319580083893191), ('قانی', 0.8319580083893191), ('ایسے', 0.8319580083893191), ('لوگوں', 0.8319580083893191), ('سے', 0.8319580083893191), ('مشفرا', 0.8319580083893191), ('کرنا', 0.8319580083893191), ('ہے', 0.8319580083893191)]",اگر وزیر آزم عمران خان نے ایسے لوگوں سے مشورہ کرنا ہے۔,0.3076923076923077
common_voice_ur_41119884.mp3,اردو زبان کو ہندوستان کے مسلمانوں کے ساتھ خاص کیا جاتا ہے,"[('اردو', 0.9159869365394115), ('زبان', 0.9159869365394115), ('کو', 0.9159869365394115), ('ہندوستان', 0.9159869365394115), ('کی', 0.9159869365394115), ('مزمانوں', 0.9159869365394115), ('کے', 0.9159869365394115), ('ساتھ', 0.9159869365394115), ('خاص', 0.9159869365394115), ('کیا', 0.9159869365394115), ('جاتا', 0.9159869365394115), ('ہے', 0.9159869365394115)]","[('ادھو', 0.8625847831849129), ('زبان', 0.8625847831849129), ('کو', 0.8625847831849129), ('ہندوستان', 0.8625847831849129), ('کی', 0.8625847831849129), ('مسلمانوں', 0.8625847831849129), ('کے', 0.8625847831849129), ('ساتھ', 0.8625847831849129), ('خاص', 0.8625847831849129), ('کیا', 0.8625847831849129), ('جاتا', 0.8625847831849129), ('ہے', 0.8625847831849129)]","[('اردوسرپان', 0.9768151640892029), ('کو', 0.9768151640892029), ('ہندوستان', 0.9768151640892029), ('کی', 0.9768151640892029), ('مسلمانوں', 0.9768151640892029), ('کے', 0.9768151640892029), ('ساتھ', 0.9768151640892029), ('حاص', 0.9768151640892029), ('کیا', 0.9768151640892029), ('جاتا', 0.9768151640892029), ('ہے', 0.9768151640892029)]","[('اردو', 0.7314311022108252), ('زبان', 0.7314311022108252), ('کو', 0.7314311022108252), ('ہندستان', 0.7314311022108252), ('کی', 0.7314311022108252), ('مزنبانوں', 0.7314311022108252), ('کے', 0.7314311022108252), ('ساتھ', 0.7314311022108252), ('خواس', 0.7314311022108252), ('کیا', 0.7314311022108252), ('جاتا', 0.7314311022108252), ('ہے', 0.7314311022108252)]",اردو زبان کو ہندوستان کی مزمانوں کے ساتھ خاص کیا جاتا ہے۔,0.1666666666666666
common_voice_ur_38457061.mp3,اس ایک مسئلے کے علاوہ,"[('اس', 0.9879433925335224), ('ایک', 0.9879433925335224), ('مسئلے', 0.9879433925335224), ('کے', 0.9879433925335224), ('علاوہ', 0.9879433925335224)]","[('اس', 0.947102101949545), ('ایک', 0.947102101949545), ('مسئلے', 0.947102101949545), ('کے', 0.947102101949545), ('علاوہ', 0.947102101949545)]","[('اس', 0.9789029955863953), ('ایک', 0.9789029955863953), ('مسیہلے', 0.9789029955863953), ('کیلاوا', 0.9789029955863953)]","[('اس', 0.844390461842219), ('ایک', 0.844390461842219), ('مسئل', 0.844390461842219), ('کے', 0.844390461842219), ('علاوہ', 0.844390461842219)]",اس ایک مسئلے کے علاوہ۔,0.0
common_voice_ur_41174907.mp3,لغت کے اعتبار سے,"[('لغت', 0.9322262287139893), ('کے', 0.9322262287139893), ('اعتبار', 0.9322262287139893), ('سے', 0.9322262287139893)]","[('نغت', 0.8583936214447021), ('کے', 0.8583936214447021), ('اعتبار', 0.8583936214447021), ('سے', 0.8583936214447021)]","[('لغت', 0.9940811991691589), ('کے', 0.9940811991691589), ('ایتبار', 0.9940811991691589), ('سے', 0.9940811991691589)]","[('نغد', 0.6917261589657177), ('کے', 0.6917261589657177), ('ایٹبار', 0.6917261589657177), ('سے', 0.6917261589657177)]",لغت کے اعتبار سے۔,0.0
common_voice_ur_31985564.mp3,بعد میں خلیفہ کے حکم کے بغیر وعظ کہنے اور فتویٰ دینے لگے,"[('بار', 0.9474030034882682), ('نے', 0.9474030034882682), ('خلیفہ', 0.9474030034882682), ('کے', 0.9474030034882682), ('حکم', 0.9474030034882682), ('کے', 0.9474030034882682), ('بغیر', 0.9474030034882682), ('واز', 0.9474030034882682), ('کہنے', 0.9474030034882682), ('اور', 0.9474030034882682), ('فتوہ', 0.9474030034882682), ('دینے', 0.9474030034882682), ('لگے۔', 0.9474030034882682)]","[('بار', 0.8544903213486952), ('نے', 0.8544903213486952), ('خلیفہ', 0.8544903213486952), ('کے', 0.8544903213486952), ('حکم', 0.8544903213486952), ('کے', 0.8544903213486952), ('بغیر', 0.8544903213486952), ('واز', 0.8544903213486952), ('کہنے', 0.8544903213486952), ('اور', 0.8544903213486952), ('فطوہ', 0.8544903213486952), ('دینے', 0.8544903213486952), ('لگے', 0.8544903213486952)]","[('بعر', 0.9737590551376343), ('میخلیفی', 0.9737590551376343), ('کے', 0.9737590551376343), ('حکوم', 0.9737590551376343), ('ک', 0.9737590551376343), ('بغائے', 0.9737590551376343), ('رواز', 0.9737590551376343), ('کہنے', 0.9737590551376343), ('اور', 0.9737590551376343), ('فتویع', 0.9737590551376343), ('دینے', 0.9737590551376343), ('لگے', 0.9737590551376343)]","[('بار', 0.7800384685397148), ('خلیفہ', 0.7800384685397148), ('کے', 0.7800384685397148), ('حکم', 0.7800384685397148), ('کے', 0.7800384685397148), ('بغیر', 0.7800384685397148), ('واضح', 0.7800384685397148), ('کہنے', 0.7800384685397148), ('اور', 0.7800384685397148), ('فتوح', 0.7800384685397148), ('دینے', 0.7800384685397148), ('لگے', 0.7800384685397148)]",بار نے خلیفہ کے حکم کے بغیر واز کہنے اور فتوہ دینے لگے۔,0.3846153846153846
common_voice_ur_41130747.mp3,مال کی کیا رونق ہو ا کرتی تھی۔,"[('مال', 0.8697028774768114), ('کی', 0.8697028774768114), ('کیا', 0.8697028774768114), ('رونپ', 0.8697028774768114), ('ہوا', 0.8697028774768114), ('کرتی', 0.8697028774768114), ('تھی', 0.8697028774768114)]","[('مال', 0.7439724715316997), ('کی', 0.7439724715316997), ('کیا', 0.7439724715316997), ('رونہ', 0.7439724715316997), ('پوہ', 0.7439724715316997), ('کرتی', 0.7439724715316997), ('تھی', 0.7439724715316997)]","[('مال', 0.9860618710517883), ('کی', 0.9860618710517883), ('قار', 0.9860618710517883), ('ونا', 0.9860618710517883), ('ہوا', 0.9860618710517883), ('کرتی', 0.9860618710517883), ('تھیں', 0.9860618710517883)]","[('مال', 0.7032234975520302), ('کی', 0.7032234975520302), ('کیا', 0.7032234975520302), ('رونک', 0.7032234975520302), ('کو', 0.7032234975520302), ('آ', 0.7032234975520302), ('کرتی', 0.7032234975520302), ('تھی؟', 0.7032234975520302)]",مال کی کیا رونپ ہوا کرتی تھی۔,0.5
common_voice_ur_32032751.mp3,پریٹنگ سسٹمز کی سہولیات سے فائدہ اٹھائیں,"[('پرنٹنگ', 0.9761822797633983), ('سسٹم', 0.9761822797633983), ('کی', 0.9761822797633983), ('سہولیات', 0.9761822797633983), ('سے', 0.9761822797633983), ('فائدہ', 0.9761822797633983), ('اٹھائے', 0.9761822797633983)]","[('برنٹنگ', 0.8432726550985266), ('سسٹم', 0.8432726550985266), ('کی', 0.8432726550985266), ('سہولیات', 0.8432726550985266), ('سے', 0.8432726550985266), ('فائدہ', 0.8432726550985266), ('اٹھائیں', 0.8432726550985266)]","[('پلنٹنگ', 0.9697728753089905), ('سسٹم', 0.9697728753089905), ('کی', 0.9697728753089905), ('صحولیات', 0.9697728753089905), ('سے', 0.9697728753089905), ('فائدائ', 0.9697728753089905), ('ٹھائیر', 0.9697728753089905)]","[('پرنٹنگ', 0.7414469248973407), ('سستم', 0.7414469248973407), ('کی', 0.7414469248973407), ('سہولیات', 0.7414469248973407), ('سے', 0.7414469248973407), ('فائدہ', 0.7414469248973407), ('اٹھائے', 0.7414469248973407)]",پرنٹنگ سسٹم کی سہولیات سے فائدہ اٹھائے۔,0.4285714285714285
common_voice_ur_38469356.mp3,ان کے ذہن میں بناعمران کا مجسمہ شکست و ریخت سے دوچار ہے۔,"[('ان', 0.9683949659610617), ('کے', 0.9683949659610617), ('ذہن', 0.9683949659610617), ('میں', 0.9683949659610617), ('عمران', 0.9683949659610617), ('کا', 0.9683949659610617), ('مجسمہ', 0.9683949659610617), ('شخص', 0.9683949659610617), ('تو', 0.9683949659610617), ('ریت', 0.9683949659610617), ('سے', 0.9683949659610617), ('دوچار', 0.9683949659610617), ('ہے۔', 0.9683949659610617)]","[('ان', 0.8906360864639282), ('کے', 0.8906360864639282), ('ذہن', 0.8906360864639282), ('میں', 0.8906360864639282), ('امران', 0.8906360864639282), ('کا', 0.8906360864639282), ('مجسمہ', 0.8906360864639282), ('شخص', 0.8906360864639282), ('تو', 0.8906360864639282), ('رید', 0.8906360864639282), ('سے', 0.8906360864639282), ('دو', 0.8906360864639282), ('چار', 0.8906360864639282), ('ہے', 0.8906360864639282)]","[('ان', 0.9840662479400635), ('کے', 0.9840662479400635), ('زہن', 0.9840662479400635), ('میں', 0.9840662479400635), ('عمران', 0.9840662479400635), ('کا', 0.9840662479400635), ('مجسمہ', 0.9840662479400635), ('شخص', 0.9840662479400635), ('توریط', 0.9840662479400635), ('سے', 0.9840662479400635), ('دوچار', 0.9840662479400635), ('ہے', 0.9840662479400635)]","[('ان', 0.89747901899474), ('کے', 0.89747901899474), ('ذہن', 0.89747901899474), ('میں', 0.89747901899474), ('امران', 0.89747901899474), ('کا', 0.89747901899474), ('مجسمہ', 0.89747901899474), ('شخص', 0.89747901899474), ('تو', 0.89747901899474), ('ریت', 0.89747901899474), ('سے', 0.89747901899474), ('دو', 0.89747901899474), ('چار', 0.89747901899474), ('ہے', 0.89747901899474)]",ان کے ذہن میں عمران کا مجسمہ شخص تو ریت سے دوچار ہے۔,0.3076923076923077
common_voice_ur_38466325.mp3,پابند ھے پرواز فقط تیرے افق پر,"[('قابند', 0.9050125464012748), ('نے', 0.9050125464012748), ('پرواز', 0.9050125464012748), ('فقط', 0.9050125464012748), ('تیرے', 0.9050125464012748), ('افق', 0.9050125464012748), ('پر', 0.9050125464012748)]","[('بابند', 0.7062439008762962), ('ہے', 0.7062439008762962), ('ترواز', 0.7062439008762962), ('فقط', 0.7062439008762962), ('تیرے', 0.7062439008762962), ('افق', 0.7062439008762962), ('پر', 0.7062439008762962)]","[('پا', 0.9793614745140076), ('بند', 0.9793614745140076), ('ہے', 0.9793614745140076), ('پر', 0.9793614745140076), ('واز', 0.9793614745140076), ('فقد', 0.9793614745140076), ('تیرے', 0.9793614745140076), ('افق', 0.9793614745140076), ('پر', 0.9793614745140076)]","[('آبند', 0.5331491482528773), ('ہے', 0.5331491482528773), ('پرواہ', 0.5331491482528773), ('سفکت', 0.5331491482528773), ('تیرے', 0.5331491482528773), ('افق', 0.5331491482528773), ('پر', 0.5331491482528773)]",قابند نے پرواز فقط تیرے افق پر۔,0.2857142857142857